Column1,Method,NumSimulationScenario,Distribution,TravelCov,ServiceCov,NewPatients,ActiveAides,TotalSolvingTime,AcceptedPatients,AllowedDelay,Overtime,AssignedServiceLevel/NumberStd,Scenario,ApproximationTCov,ApproximationSCov,AverageTotalLateness,AverageTotalOvertime,AverageRunLateness,AverageRunOvertime,MaximumTotalLateness,RealServiceLevel,MeanServiceLevel,MinServiceLevel,TotalAccpetedNewPatient,FractionOnTimeServedPatient,OnTimeNewPatient,OnTimeOldPatient,OnTimeTotalPatient,TotalScheduledPatient
0,Scenario,10000,normal,0.25,0.1,8,8,22.38454413,59,1,3,0.98,50,0,0,1.7394,0.195,0.2137,0.0318,75,"[(32, 0.9841), (33, 0.9836), (34, 0.9476), (35, 0.9788), (36, 0.9484), (43, 1.0), (44, 0.9763), (45, 0.9988), (50, 0.955), (52, 0.9686), (53, 1.0), (54, 1.0), (56, 0.99), (57, 1.0), (58, 0.9679), (59, 1.0)]",0.98119375,0.9476,7,0.6875,5,6,11,16
1,EVT,10000,normal,0.25,0.1,12,8,68.83843899,58,1,3,2.05,0,0.25,0.1,0.0539,0.0035,0.0985,0.0093,25,"[(30, 0.9855), (31, 0.9944), (34, 1.0), (35, 1.0), (36, 0.9964), (43, 0.9991), (44, 0.9919), (47, 0.9808), (48, 0.9986), (49, 0.9954), (50, 0.9865), (52, 0.9785), (53, 0.998), (54, 1.0), (56, 0.9971), (57, 0.9999), (58, 0.9999), (59, 0.9888)]",0.993933333,0.9785,10,1,10,8,18,18
2,Scenario,10000,normal,0.25,0.1,10,8,278.0234649,58,1,3,0.98,300,0,0,0.1746,0.0215,0.0368,0.0055,20,"[(34, 0.9997), (35, 0.9996), (36, 0.9993), (43, 1.0), (44, 1.0), (50, 1.0), (52, 0.9905), (53, 1.0), (54, 0.9964), (56, 0.9926), (57, 1.0), (58, 0.9812), (59, 1.0)]",0.996869231,0.9812,8,1,8,5,13,13
3,Scenario,10000,normal,0.25,0.1,12,8,1482.62952,57,1,3,0.98,500,0,0,0.3389,0.0672,0.0767,0.0125,30,"[(30, 0.9997), (31, 1.0), (34, 1.0), (35, 1.0), (36, 0.9997), (43, 1.0), (44, 0.9999), (47, 0.9928), (48, 1.0), (49, 1.0), (50, 0.9712), (52, 1.0), (53, 0.9905), (54, 0.9963), (56, 0.994), (57, 1.0), (58, 0.9799)]",0.995529412,0.9712,9,0.941176471,8,8,16,17
4,EVT,10000,normal,0.25,0.1,12,8,72.10865307,58,1,3,2.05,0,0.25,0.1,0.0539,0.0035,0.0985,0.0093,25,"[(30, 0.9855), (31, 0.9944), (34, 1.0), (35, 1.0), (36, 0.9964), (43, 0.9991), (44, 0.9919), (47, 0.9808), (48, 0.9986), (49, 0.9954), (50, 0.9865), (52, 0.9785), (53, 0.998), (54, 1.0), (56, 0.9971), (57, 0.9999), (58, 0.9999), (59, 0.9888)]",0.993933333,0.9785,10,1,10,8,18,18
5,Scenario,10000,normal,0.25,0.1,16,8,6427.140829,57,1,3,0.98,500,0,0,0.3743,0.1358,0.0819,0.0268,20,"[(30, 0.9997), (31, 1.0), (32, 0.9977), (33, 1.0), (34, 0.9986), (35, 1.0), (36, 0.9997), (43, 0.9949), (45, 1.0), (46, 0.9927), (47, 0.9928), (48, 1.0), (49, 1.0), (50, 0.9991), (52, 0.9819), (53, 0.9999), (54, 0.9748), (55, 1.0), (56, 0.9978), (57, 1.0), (58, 0.9839)]",0.995880952,0.9748,13,0.952380952,12,8,20,21
6,Scenario,10000,normal,0.25,0.1,14,8,1366.46037,58,1,3,0.98,100,0,0,0.5991,0.2219,0.1333,0.0428,30,"[(30, 0.9941), (31, 1.0), (34, 0.9964), (35, 1.0), (36, 1.0), (43, 1.0), (44, 0.9763), (46, 1.0), (47, 0.9928), (48, 0.9997), (49, 0.9984), (50, 0.9998), (52, 0.9617), (53, 0.9905), (54, 0.9737), (56, 0.9912), (57, 1.0), (58, 0.9799), (59, 1.0)]",0.992342105,0.9617,12,0.894736842,10,7,17,19
7,Scenario,10000,normal,0.25,0.1,10,8,131.9948881,57,1,3,0.98,100,0,0,0.2467,0.0384,0.066,0.0075,15,"[(30, 0.9983), (31, 0.9774), (34, 0.9997), (43, 1.0), (44, 0.9763), (49, 0.9798), (50, 1.0), (52, 1.0), (54, 0.9999), (56, 1.0), (57, 1.0), (58, 1.0), (59, 1.0)]",0.994723077,0.9763,7,1,7,6,13,13
8,EVT,10000,normal,0.25,0.1,12,8,71.31113601,58,1,3,2.05,0,0.25,0.1,0.0539,0.0035,0.0985,0.0093,25,"[(30, 0.9855), (31, 0.9944), (34, 1.0), (35, 1.0), (36, 0.9964), (43, 0.9991), (44, 0.9919), (47, 0.9808), (48, 0.9986), (49, 0.9954), (50, 0.9865), (52, 0.9785), (53, 0.998), (54, 1.0), (56, 0.9971), (57, 0.9999), (58, 0.9999), (59, 0.9888)]",0.993933333,0.9785,10,1,10,8,18,18
9,Scenario,10000,normal,0.25,0.1,8,8,22.07918286,59,1,3,0.98,50,0,0,1.7394,0.195,0.2137,0.0318,75,"[(32, 0.9841), (33, 0.9836), (34, 0.9476), (35, 0.9788), (36, 0.9484), (43, 1.0), (44, 0.9763), (45, 0.9988), (50, 0.955), (52, 0.9686), (53, 1.0), (54, 1.0), (56, 0.99), (57, 1.0), (58, 0.9679), (59, 1.0)]",0.98119375,0.9476,7,0.6875,5,6,11,16
10,Deterministic ,10000,normal,0.25,0.1,16,8,112.801266,60,1,3,0.98,0,0,0,19.0341,0.5465,0.9977,0.3426,114,"[(30, 0.5013000000000001), (31, 0.6712), (32, 0.6129), (33, 0.746), (34, 1.0), (35, 1.0), (36, 0.6612), (37, 0.9977), (38, 1.0), (39, 0.7757000000000001), (43, 0.7692), (44, 0.7349), (45, 0.6108), (46, 0.476), (47, 0.5484), (48, 0.8396), (49, 0.5931), (50, 0.45389999999999997), (51, 0.7449), (52, 0.7004), (53, 0.9771), (54, 0.5659000000000001), (55, 0.7128), (56, 0.6164000000000001), (57, 0.9987), (58, 0.6547000000000001), (59, 0.9773)]",0.738522222,0.4539,16,0.259259259,3,4,7,27
11,Deterministic ,10000,normal,0.25,0.1,16,8,113.3163621,60,1,3,0.98,0,0,0,19.0341,0.5465,0.9977,0.3426,114,"[(30, 0.5013000000000001), (31, 0.6712), (32, 0.6129), (33, 0.746), (34, 1.0), (35, 1.0), (36, 0.6612), (37, 0.9977), (38, 1.0), (39, 0.7757000000000001), (43, 0.7692), (44, 0.7349), (45, 0.6108), (46, 0.476), (47, 0.5484), (48, 0.8396), (49, 0.5931), (50, 0.45389999999999997), (51, 0.7449), (52, 0.7004), (53, 0.9771), (54, 0.5659000000000001), (55, 0.7128), (56, 0.6164000000000001), (57, 0.9987), (58, 0.6547000000000001), (59, 0.9773)]",0.738522222,0.4539,16,0.259259259,3,4,7,27
12,Scenario,10000,normal,0.25,0.1,10,8,278.00511,58,1,3,0.98,300,0,0,0.1746,0.0215,0.0368,0.0055,20,"[(34, 0.9997), (35, 0.9996), (36, 0.9993), (43, 1.0), (44, 1.0), (50, 1.0), (52, 0.9905), (53, 1.0), (54, 0.9964), (56, 0.9926), (57, 1.0), (58, 0.9812), (59, 1.0)]",0.996869231,0.9812,8,1,8,5,13,13
13,Deterministic ,10000,normal,0.25,0.1,16,8,109.773783,60,1,3,0.98,0,0,0,19.0341,0.5465,0.9977,0.3426,114,"[(30, 0.5013000000000001), (31, 0.6712), (32, 0.6129), (33, 0.746), (34, 1.0), (35, 1.0), (36, 0.6612), (37, 0.9977), (38, 1.0), (39, 0.7757000000000001), (43, 0.7692), (44, 0.7349), (45, 0.6108), (46, 0.476), (47, 0.5484), (48, 0.8396), (49, 0.5931), (50, 0.45389999999999997), (51, 0.7449), (52, 0.7004), (53, 0.9771), (54, 0.5659000000000001), (55, 0.7128), (56, 0.6164000000000001), (57, 0.9987), (58, 0.6547000000000001), (59, 0.9773)]",0.738522222,0.4539,16,0.259259259,3,4,7,27
14,Scenario,10000,normal,0.25,0.1,16,8,6640.17975,57,1,3,0.98,500,0,0,0.3743,0.1358,0.0819,0.0268,20,"[(30, 0.9997), (31, 1.0), (32, 0.9977), (33, 1.0), (34, 0.9986), (35, 1.0), (36, 0.9997), (43, 0.9949), (45, 1.0), (46, 0.9927), (47, 0.9928), (48, 1.0), (49, 1.0), (50, 0.9991), (52, 0.9819), (53, 0.9999), (54, 0.9748), (55, 1.0), (56, 0.9978), (57, 1.0), (58, 0.9839)]",0.995880952,0.9748,13,0.952380952,12,8,20,21
15,Scenario,10000,normal,0.25,0.1,14,8,648.0584102,58,1,3,0.98,100,0,0,0.5991,0.2219,0.1333,0.0428,30,"[(30, 0.9941), (31, 1.0), (34, 0.9964), (35, 1.0), (36, 1.0), (43, 1.0), (44, 0.9763), (46, 1.0), (47, 0.9928), (48, 0.9997), (49, 0.9984), (50, 0.9998), (52, 0.9617), (53, 0.9905), (54, 0.9737), (56, 0.9912), (57, 1.0), (58, 0.9799), (59, 1.0)]",0.992342105,0.9617,12,0.894736842,10,7,17,19
16,Deterministic ,10000,normal,0.25,0.1,14,8,90.75158501,59,1,3,0.98,0,0,0,9.0852,0.5212,0.9785,0.2665,90,"[(30, 0.5545), (31, 0.6843), (34, 1.0), (35, 1.0), (36, 0.5589999999999999), (43, 0.7784), (44, 0.7883), (46, 0.48619999999999997), (47, 0.9762), (49, 0.8944), (50, 0.6712), (51, 0.753), (52, 0.9957), (53, 0.946), (54, 0.8), (55, 0.6834), (56, 0.5943), (57, 0.7771), (58, 0.985), (59, 0.7904)]",0.78587,0.4862,13,0.25,3,2,5,20
17,Scenario,10000,normal,0.25,0.1,8,8,22.92098999,59,1,3,0.98,50,0,0,1.7394,0.195,0.2137,0.0318,75,"[(32, 0.9841), (33, 0.9836), (34, 0.9476), (35, 0.9788), (36, 0.9484), (43, 1.0), (44, 0.9763), (45, 0.9988), (50, 0.955), (52, 0.9686), (53, 1.0), (54, 1.0), (56, 0.99), (57, 1.0), (58, 0.9679), (59, 1.0)]",0.98119375,0.9476,7,0.6875,5,6,11,16
18,Scenario,10000,normal,0.25,0.1,10,8,268.280859,58,1,3,0.98,300,0,0,0.1746,0.0215,0.0368,0.0055,20,"[(34, 0.9997), (35, 0.9996), (36, 0.9993), (43, 1.0), (44, 1.0), (50, 1.0), (52, 0.9905), (53, 1.0), (54, 0.9964), (56, 0.9926), (57, 1.0), (58, 0.9812), (59, 1.0)]",0.996869231,0.9812,8,1,8,5,13,13
19,Scenario,10000,normal,0.25,0.1,18,8,758.9204152,59,1,3,0.98,50,0,0,1.3041,0.3796,0.2282,0.0628,40,"[(30, 0.998), (31, 0.9998), (32, 0.9841), (33, 0.9836), (34, 0.9476), (35, 1.0), (36, 1.0), (42, 0.984), (43, 0.9767), (45, 0.9988), (46, 0.9979), (47, 0.9986), (48, 0.9997), (49, 0.9772), (50, 0.9978), (51, 0.952), (52, 0.9686), (53, 0.9892), (54, 0.9963), (55, 0.9991), (56, 0.9917), (57, 0.997), (58, 0.9885), (59, 1.0)]",0.988591667,0.9476,17,0.875,15,6,21,24
20,EVT,10000,normal,0.25,0.1,16,8,196.8642399,58,1,3,2.05,0,0.25,0.1,0.0647,0.0005,0.1208,0.0009,20,"[(30, 0.9872), (31, 0.9944), (32, 0.9843), (33, 0.982), (34, 1.0), (35, 1.0), (36, 0.9927), (43, 0.9991), (44, 0.997), (45, 1.0), (46, 1.0), (47, 1.0), (48, 0.9986), (49, 1.0), (50, 0.9801), (52, 0.9966), (53, 0.9875), (54, 1.0), (56, 0.9909), (57, 0.9999), (58, 0.9804), (59, 0.9929)]",0.9938,0.9801,14,1,14,8,22,22
21,Deterministic ,10000,normal,0.25,0.1,14,8,90.09280586,59,1,3,0.98,0,0,0,9.0852,0.5212,0.9785,0.2665,90,"[(30, 0.5545), (31, 0.6843), (34, 1.0), (35, 1.0), (36, 0.5589999999999999), (43, 0.7784), (44, 0.7883), (46, 0.48619999999999997), (47, 0.9762), (49, 0.8944), (50, 0.6712), (51, 0.753), (52, 0.9957), (53, 0.946), (54, 0.8), (55, 0.6834), (56, 0.5943), (57, 0.7771), (58, 0.985), (59, 0.7904)]",0.78587,0.4862,13,0.25,3,2,5,20
22,Scenario,10000,normal,0.25,0.1,16,8,5778.662805,57,1,3,0.98,500,0,0,0.3743,0.1358,0.0819,0.0268,20,"[(30, 0.9997), (31, 1.0), (32, 0.9977), (33, 1.0), (34, 0.9986), (35, 1.0), (36, 0.9997), (43, 0.9949), (45, 1.0), (46, 0.9927), (47, 0.9928), (48, 1.0), (49, 1.0), (50, 0.9991), (52, 0.9819), (53, 0.9999), (54, 0.9748), (55, 1.0), (56, 0.9978), (57, 1.0), (58, 0.9839)]",0.995880952,0.9748,13,0.952380952,12,8,20,21
23,Scenario,10000,normal,0.25,0.1,10,8,44.9868052,58,1,3,0.98,50,0,0,1.0171,0.1967,0.1587,0.0321,38,"[(32, 0.9841), (33, 0.9836), (34, 0.9476), (35, 0.9788), (36, 0.9484), (43, 1.0), (44, 1.0), (45, 0.9988), (50, 1.0), (52, 0.9686), (53, 1.0), (54, 1.0), (56, 0.9996), (57, 1.0), (58, 0.9992), (59, 1.0)]",0.98804375,0.9476,8,0.8125,7,6,13,16
24,Scenario,10000,normal,0.25,0.1,12,8,67.17443395,58,1,3,0.98,50,0,0,0.806,0.016,0.156,0.0029,20,"[(30, 0.9924), (31, 1.0), (34, 0.9476), (35, 1.0), (36, 1.0), (43, 1.0), (44, 1.0), (47, 0.9927), (48, 0.9997), (49, 1.0), (50, 0.9884), (52, 0.9997), (53, 0.9297), (54, 0.9803), (56, 1.0), (57, 1.0), (58, 0.9983), (59, 1.0)]",0.990488889,0.9297,10,0.888888889,9,7,16,18
25,EVT,10000,normal,0.25,0.1,16,8,199.7140799,58,1,3,2.05,0,0.25,0.1,0.0647,0.0005,0.1208,0.0009,20,"[(30, 0.9872), (31, 0.9944), (32, 0.9843), (33, 0.982), (34, 1.0), (35, 1.0), (36, 0.9927), (43, 0.9991), (44, 0.997), (45, 1.0), (46, 1.0), (47, 1.0), (48, 0.9986), (49, 1.0), (50, 0.9801), (52, 0.9966), (53, 0.9875), (54, 1.0), (56, 0.9909), (57, 0.9999), (58, 0.9804), (59, 0.9929)]",0.9938,0.9801,14,1,14,8,22,22
26,Deterministic ,10000,normal,0.25,0.1,14,8,94.61668992,59,1,3,0.98,0,0,0,9.0852,0.5212,0.9785,0.2665,90,"[(30, 0.5545), (31, 0.6843), (34, 1.0), (35, 1.0), (36, 0.5589999999999999), (43, 0.7784), (44, 0.7883), (46, 0.48619999999999997), (47, 0.9762), (49, 0.8944), (50, 0.6712), (51, 0.753), (52, 0.9957), (53, 0.946), (54, 0.8), (55, 0.6834), (56, 0.5943), (57, 0.7771), (58, 0.985), (59, 0.7904)]",0.78587,0.4862,13,0.25,3,2,5,20
27,Scenario,10000,normal,0.25,0.1,14,8,366.928266,58,1,3,0.98,50,0,0,1.9028,0.2086,0.2651,0.0345,55,"[(30, 0.9941), (31, 0.9853), (32, 0.9841), (33, 0.9836), (34, 0.9476), (35, 0.9788), (36, 0.9484), (43, 1.0), (44, 0.9763), (45, 0.9988), (46, 1.0), (47, 1.0), (48, 0.9998), (49, 0.9996), (50, 0.9035), (52, 0.9686), (53, 1.0), (54, 1.0), (56, 1.0), (57, 1.0), (58, 1.0), (59, 1.0)]",0.984931818,0.9035,12,0.818181818,10,8,18,22
28,Scenario,10000,normal,0.25,0.1,16,8,504.265944,58,1,3,0.98,50,0,0,1.5828,0.2812,0.2546,0.0472,55,"[(30, 0.9997), (31, 0.9774), (32, 0.9841), (33, 0.9836), (34, 0.9476), (35, 1.0), (36, 1.0), (43, 1.0), (45, 0.9988), (46, 0.9864), (47, 0.9927), (48, 0.9997), (49, 0.9889), (50, 0.9836), (51, 0.9533), (52, 0.9686), (53, 0.9297), (54, 1.0), (56, 0.9873), (57, 1.0), (58, 0.998), (59, 1.0)]",0.985427273,0.9297,14,0.818181818,11,7,18,22
29,Scenario,10000,normal,0.25,0.1,14,8,1676.205909,58,1,3,0.98,100,0,0,0.5991,0.2219,0.1333,0.0428,30,"[(30, 0.9941), (31, 1.0), (34, 0.9964), (35, 1.0), (36, 1.0), (43, 1.0), (44, 0.9763), (46, 1.0), (47, 0.9928), (48, 0.9997), (49, 0.9984), (50, 0.9998), (52, 0.9617), (53, 0.9905), (54, 0.9737), (56, 0.9912), (57, 1.0), (58, 0.9799), (59, 1.0)]",0.992342105,0.9617,12,0.894736842,10,7,17,19
30,Scenario,10000,normal,0.25,0.1,8,8,22.71357203,59,1,3,0.98,50,0,0,1.7394,0.195,0.2137,0.0318,75,"[(32, 0.9841), (33, 0.9836), (34, 0.9476), (35, 0.9788), (36, 0.9484), (43, 1.0), (44, 0.9763), (45, 0.9988), (50, 0.955), (52, 0.9686), (53, 1.0), (54, 1.0), (56, 0.99), (57, 1.0), (58, 0.9679), (59, 1.0)]",0.98119375,0.9476,7,0.6875,5,6,11,16
31,Scenario,10000,normal,0.25,0.1,10,8,266.7285361,58,1,3,0.98,300,0,0,0.1746,0.0215,0.0368,0.0055,20,"[(34, 0.9997), (35, 0.9996), (36, 0.9993), (43, 1.0), (44, 1.0), (50, 1.0), (52, 0.9905), (53, 1.0), (54, 0.9964), (56, 0.9926), (57, 1.0), (58, 0.9812), (59, 1.0)]",0.996869231,0.9812,8,1,8,5,13,13
32,EVT,10000,normal,0.25,0.1,18,8,666.6325052,58,1,3,2.05,0,0.25,0.1,0.0895,0,0.1847,0.0003,15,"[(30, 0.9897), (31, 0.9874), (32, 0.9843), (33, 0.982), (34, 1.0), (35, 1.0), (36, 0.9861), (42, 0.981), (43, 0.9826), (44, 0.9919), (45, 1.0), (46, 0.9938), (47, 0.9983), (48, 0.9991), (49, 0.988), (50, 0.9801), (52, 0.9943), (53, 0.9822), (55, 0.9961), (56, 0.9896), (57, 0.9987), (58, 0.9804), (59, 0.9929)]",0.990369565,0.9801,16,1,16,7,23,23
33,Scenario,10000,normal,0.25,0.1,16,8,6975.964421,57,1,3,0.98,500,0,0,0.3743,0.1358,0.0819,0.0268,20,"[(30, 0.9997), (31, 1.0), (32, 0.9977), (33, 1.0), (34, 0.9986), (35, 1.0), (36, 0.9997), (43, 0.9949), (45, 1.0), (46, 0.9927), (47, 0.9928), (48, 1.0), (49, 1.0), (50, 0.9991), (52, 0.9819), (53, 0.9999), (54, 0.9748), (55, 1.0), (56, 0.9978), (57, 1.0), (58, 0.9839)]",0.995880952,0.9748,13,0.952380952,12,8,20,21
34,Scenario,10000,normal,0.25,0.1,8,8,510.754498,57,1,3,0.98,500,0,0,0.2293,0.01,0.0602,0.0019,25,"[(30, 0.9997), (31, 0.9774), (34, 1.0), (43, 1.0), (44, 1.0), (49, 0.9798), (50, 1.0), (52, 0.9905), (54, 1.0), (56, 1.0), (57, 1.0), (58, 0.9883)]",0.994641667,0.9774,5,1,5,7,12,12
35,EVT,10000,normal,0.25,0.1,18,8,661.4147761,58,1,3,2.05,0,0.25,0.1,0.0895,0,0.1847,0.0003,15,"[(30, 0.9897), (31, 0.9874), (32, 0.9843), (33, 0.982), (34, 1.0), (35, 1.0), (36, 0.9861), (42, 0.981), (43, 0.9826), (44, 0.9919), (45, 1.0), (46, 0.9938), (47, 0.9983), (48, 0.9991), (49, 0.988), (50, 0.9801), (52, 0.9943), (53, 0.9822), (55, 0.9961), (56, 0.9896), (57, 0.9987), (58, 0.9804), (59, 0.9929)]",0.990369565,0.9801,16,1,16,7,23,23
36,Scenario,10000,normal,0.25,0.1,14,8,1567.644468,58,1,3,0.98,100,0,0,0.5991,0.2219,0.1333,0.0428,30,"[(30, 0.9941), (31, 1.0), (34, 0.9964), (35, 1.0), (36, 1.0), (43, 1.0), (44, 0.9763), (46, 1.0), (47, 0.9928), (48, 0.9997), (49, 0.9984), (50, 0.9998), (52, 0.9617), (53, 0.9905), (54, 0.9737), (56, 0.9912), (57, 1.0), (58, 0.9799), (59, 1.0)]",0.992342105,0.9617,12,0.894736842,10,7,17,19
37,Scenario,10000,normal,0.25,0.1,14,8,2275.944585,58,1,3,0.98,300,0,0,0.3595,0.1623,0.0769,0.0295,30,"[(30, 1.0), (31, 0.9774), (34, 0.9964), (35, 1.0), (36, 0.9993), (43, 1.0), (44, 0.9999), (46, 0.9951), (47, 0.9928), (48, 1.0), (49, 0.9973), (50, 1.0), (52, 1.0), (53, 0.9905), (54, 0.9935), (56, 0.9914), (57, 1.0), (58, 0.9799), (59, 1.0)]",0.995447368,0.9774,12,1,12,7,19,19
38,Scenario,10000,normal,0.25,0.1,16,8,504.8257079,58,1,3,0.98,50,0,0,1.5828,0.2812,0.2546,0.0472,55,"[(30, 0.9997), (31, 0.9774), (32, 0.9841), (33, 0.9836), (34, 0.9476), (35, 1.0), (36, 1.0), (43, 1.0), (45, 0.9988), (46, 0.9864), (47, 0.9927), (48, 0.9997), (49, 0.9889), (50, 0.9836), (51, 0.9533), (52, 0.9686), (53, 0.9297), (54, 1.0), (56, 0.9873), (57, 1.0), (58, 0.998), (59, 1.0)]",0.985427273,0.9297,14,0.818181818,11,7,18,22
39,Scenario,10000,normal,0.25,0.1,14,8,370.8422191,58,1,3,0.98,50,0,0,1.9028,0.2086,0.2651,0.0345,55,"[(30, 0.9941), (31, 0.9853), (32, 0.9841), (33, 0.9836), (34, 0.9476), (35, 0.9788), (36, 0.9484), (43, 1.0), (44, 0.9763), (45, 0.9988), (46, 1.0), (47, 1.0), (48, 0.9998), (49, 0.9996), (50, 0.9035), (52, 0.9686), (53, 1.0), (54, 1.0), (56, 1.0), (57, 1.0), (58, 1.0), (59, 1.0)]",0.984931818,0.9035,12,0.818181818,10,8,18,22
40,Scenario,10000,normal,0.25,0.1,12,8,66.9718051,58,1,3,0.98,50,0,0,0.806,0.016,0.156,0.0029,20,"[(30, 0.9924), (31, 1.0), (34, 0.9476), (35, 1.0), (36, 1.0), (43, 1.0), (44, 1.0), (47, 0.9927), (48, 0.9997), (49, 1.0), (50, 0.9884), (52, 0.9997), (53, 0.9297), (54, 0.9803), (56, 1.0), (57, 1.0), (58, 0.9983), (59, 1.0)]",0.990488889,0.9297,10,0.888888889,9,7,16,18
41,Scenario,10000,normal,0.25,0.1,10,8,305.7222149,57,1,3,0.98,100,0,0,0.2467,0.0384,0.066,0.0075,15,"[(30, 0.9983), (31, 0.9774), (34, 0.9997), (43, 1.0), (44, 0.9763), (49, 0.9798), (50, 1.0), (52, 1.0), (54, 0.9999), (56, 1.0), (57, 1.0), (58, 1.0), (59, 1.0)]",0.994723077,0.9763,7,1,7,6,13,13
42,Scenario,10000,normal,0.25,0.1,10,8,44.14517498,58,1,3,0.98,50,0,0,1.0171,0.1967,0.1587,0.0321,38,"[(32, 0.9841), (33, 0.9836), (34, 0.9476), (35, 0.9788), (36, 0.9484), (43, 1.0), (44, 1.0), (45, 0.9988), (50, 1.0), (52, 0.9686), (53, 1.0), (54, 1.0), (56, 0.9996), (57, 1.0), (58, 0.9992), (59, 1.0)]",0.98804375,0.9476,8,0.8125,7,6,13,16
43,Scenario,10000,normal,0.25,0.1,12,8,1380.097522,57,1,3,0.98,500,0,0,0.3389,0.0672,0.0767,0.0125,30,"[(30, 0.9997), (31, 1.0), (34, 1.0), (35, 1.0), (36, 0.9997), (43, 1.0), (44, 0.9999), (47, 0.9928), (48, 1.0), (49, 1.0), (50, 0.9712), (52, 1.0), (53, 0.9905), (54, 0.9963), (56, 0.994), (57, 1.0), (58, 0.9799)]",0.995529412,0.9712,9,0.941176471,8,8,16,17
44,Scenario,10000,normal,0.25,0.1,8,8,511.3062928,57,1,3,0.98,500,0,0,0.2293,0.01,0.0602,0.0019,25,"[(30, 0.9997), (31, 0.9774), (34, 1.0), (43, 1.0), (44, 1.0), (49, 0.9798), (50, 1.0), (52, 0.9905), (54, 1.0), (56, 1.0), (57, 1.0), (58, 0.9883)]",0.994641667,0.9774,5,1,5,7,12,12
45,Scenario,10000,normal,0.25,0.1,18,8,771.844708,59,1,3,0.98,50,0,0,1.3041,0.3796,0.2282,0.0628,40,"[(30, 0.998), (31, 0.9998), (32, 0.9841), (33, 0.9836), (34, 0.9476), (35, 1.0), (36, 1.0), (42, 0.984), (43, 0.9767), (45, 0.9988), (46, 0.9979), (47, 0.9986), (48, 0.9997), (49, 0.9772), (50, 0.9978), (51, 0.952), (52, 0.9686), (53, 0.9892), (54, 0.9963), (55, 0.9991), (56, 0.9917), (57, 0.997), (58, 0.9885), (59, 1.0)]",0.988591667,0.9476,17,0.875,15,6,21,24
46,EVT,10000,normal,0.25,0.1,14,8,177.2985771,58,1,3,2.05,0,0.25,0.1,0.0507,0.005,0.0895,0.0069,15,"[(30, 0.9872), (31, 0.9944), (34, 1.0), (35, 1.0), (36, 0.9925), (43, 0.9991), (44, 0.9919), (46, 1.0), (47, 0.9888), (48, 0.9986), (49, 0.988), (50, 1.0), (52, 0.9947), (53, 0.998), (54, 0.9866), (56, 0.9896), (57, 0.9999), (58, 1.0), (59, 0.9929)]",0.994852632,0.9866,12,1,12,7,19,19
47,Scenario,10000,normal,0.25,0.1,14,8,2112.215,58,1,3,0.98,300,0,0,0.3595,0.1623,0.0769,0.0295,30,"[(30, 1.0), (31, 0.9774), (34, 0.9964), (35, 1.0), (36, 0.9993), (43, 1.0), (44, 0.9999), (46, 0.9951), (47, 0.9928), (48, 1.0), (49, 0.9973), (50, 1.0), (52, 1.0), (53, 0.9905), (54, 0.9935), (56, 0.9914), (57, 1.0), (58, 0.9799), (59, 1.0)]",0.995447368,0.9774,12,1,12,7,19,19
48,EVT,10000,normal,0.25,0.1,8,8,25.523417,59,1,3,2.05,0,0.25,0.1,0.0424,0,0.0701,0,15,"[(34, 0.9848), (35, 1.0), (36, 0.9927), (43, 0.9991), (44, 0.9919), (50, 0.9961), (52, 0.994), (53, 0.9875), (54, 0.9954), (56, 0.9907), (57, 0.9999), (58, 0.9898), (59, 1.0)]",0.993992308,0.9848,7,1,7,6,13,13
49,EVT,10000,normal,0.25,0.1,8,8,25.27203298,59,1,3,2.05,0,0.25,0.1,0.0424,0,0.0701,0,15,"[(34, 0.9848), (35, 1.0), (36, 0.9927), (43, 0.9991), (44, 0.9919), (50, 0.9961), (52, 0.994), (53, 0.9875), (54, 0.9954), (56, 0.9907), (57, 0.9999), (58, 0.9898), (59, 1.0)]",0.993992308,0.9848,7,1,7,6,13,13
50,Scenario,10000,normal,0.25,0.1,8,8,23.67225099,59,1,3,0.98,50,0,0,1.7394,0.195,0.2137,0.0318,75,"[(32, 0.9841), (33, 0.9836), (34, 0.9476), (35, 0.9788), (36, 0.9484), (43, 1.0), (44, 0.9763), (45, 0.9988), (50, 0.955), (52, 0.9686), (53, 1.0), (54, 1.0), (56, 0.99), (57, 1.0), (58, 0.9679), (59, 1.0)]",0.98119375,0.9476,7,0.6875,5,6,11,16
51,Deterministic ,10000,normal,0.25,0.1,10,8,6.171175957,59,1,3,0.98,0,0,0,13.5575,0.2883,0.9853,0.1363,91,"[(30, 0.4396), (31, 0.6712), (32, 0.6361), (33, 0.7899), (34, 1.0), (35, 1.0), (36, 0.6723), (43, 0.845), (44, 0.7883), (45, 0.9796), (49, 0.4982), (50, 0.9065), (52, 0.5544), (53, 0.5538000000000001), (54, 0.6945), (55, 0.692), (56, 1.0), (57, 0.9987), (58, 0.5755), (59, 0.7796)]",0.75376,0.4396,9,0.25,2,3,5,20
52,Scenario,10000,normal,0.25,0.1,14,8,382.2060311,58,1,3,0.98,50,0,0,1.9028,0.2086,0.2651,0.0345,55,"[(30, 0.9941), (31, 0.9853), (32, 0.9841), (33, 0.9836), (34, 0.9476), (35, 0.9788), (36, 0.9484), (43, 1.0), (44, 0.9763), (45, 0.9988), (46, 1.0), (47, 1.0), (48, 0.9998), (49, 0.9996), (50, 0.9035), (52, 0.9686), (53, 1.0), (54, 1.0), (56, 1.0), (57, 1.0), (58, 1.0), (59, 1.0)]",0.984931818,0.9035,12,0.818181818,10,8,18,22
53,Deterministic ,10000,normal,0.25,0.1,10,8,6.154489994,59,1,3,0.98,0,0,0,13.5575,0.2883,0.9853,0.1363,91,"[(30, 0.4396), (31, 0.6712), (32, 0.6361), (33, 0.7899), (34, 1.0), (35, 1.0), (36, 0.6723), (43, 0.845), (44, 0.7883), (45, 0.9796), (49, 0.4982), (50, 0.9065), (52, 0.5544), (53, 0.5538000000000001), (54, 0.6945), (55, 0.692), (56, 1.0), (57, 0.9987), (58, 0.5755), (59, 0.7796)]",0.75376,0.4396,9,0.25,2,3,5,20
54,Scenario,10000,normal,0.25,0.1,16,8,511.4076011,58,1,3,0.98,50,0,0,1.5828,0.2812,0.2546,0.0472,55,"[(30, 0.9997), (31, 0.9774), (32, 0.9841), (33, 0.9836), (34, 0.9476), (35, 1.0), (36, 1.0), (43, 1.0), (45, 0.9988), (46, 0.9864), (47, 0.9927), (48, 0.9997), (49, 0.9889), (50, 0.9836), (51, 0.9533), (52, 0.9686), (53, 0.9297), (54, 1.0), (56, 0.9873), (57, 1.0), (58, 0.998), (59, 1.0)]",0.985427273,0.9297,14,0.818181818,11,7,18,22
55,Scenario,10000,normal,0.25,0.1,10,8,43.40964484,58,1,3,0.98,50,0,0,1.0171,0.1967,0.1587,0.0321,38,"[(32, 0.9841), (33, 0.9836), (34, 0.9476), (35, 0.9788), (36, 0.9484), (43, 1.0), (44, 1.0), (45, 0.9988), (50, 1.0), (52, 0.9686), (53, 1.0), (54, 1.0), (56, 0.9996), (57, 1.0), (58, 0.9992), (59, 1.0)]",0.98804375,0.9476,8,0.8125,7,6,13,16
56,Scenario,10000,normal,0.25,0.1,10,8,306.847928,57,1,3,0.98,100,0,0,0.2467,0.0384,0.066,0.0075,15,"[(30, 0.9983), (31, 0.9774), (34, 0.9997), (43, 1.0), (44, 0.9763), (49, 0.9798), (50, 1.0), (52, 1.0), (54, 0.9999), (56, 1.0), (57, 1.0), (58, 1.0), (59, 1.0)]",0.994723077,0.9763,7,1,7,6,13,13
57,Scenario,10000,normal,0.25,0.1,12,8,67.01066995,58,1,3,0.98,50,0,0,0.806,0.016,0.156,0.0029,20,"[(30, 0.9924), (31, 1.0), (34, 0.9476), (35, 1.0), (36, 1.0), (43, 1.0), (44, 1.0), (47, 0.9927), (48, 0.9997), (49, 1.0), (50, 0.9884), (52, 0.9997), (53, 0.9297), (54, 0.9803), (56, 1.0), (57, 1.0), (58, 0.9983), (59, 1.0)]",0.990488889,0.9297,10,0.888888889,9,7,16,18
58,EVT,10000,normal,0.25,0.1,14,8,174.528523,58,1,3,2.05,0,0.25,0.1,0.0507,0.005,0.0895,0.0069,15,"[(30, 0.9872), (31, 0.9944), (34, 1.0), (35, 1.0), (36, 0.9925), (43, 0.9991), (44, 0.9919), (46, 1.0), (47, 0.9888), (48, 0.9986), (49, 0.988), (50, 1.0), (52, 0.9947), (53, 0.998), (54, 0.9866), (56, 0.9896), (57, 0.9999), (58, 1.0), (59, 0.9929)]",0.994852632,0.9866,12,1,12,7,19,19
59,Scenario,10000,normal,0.25,0.1,8,8,444.5856991,57,1,3,0.98,500,0,0,0.2293,0.01,0.0602,0.0019,25,"[(30, 0.9997), (31, 0.9774), (34, 1.0), (43, 1.0), (44, 1.0), (49, 0.9798), (50, 1.0), (52, 0.9905), (54, 1.0), (56, 1.0), (57, 1.0), (58, 0.9883)]",0.994641667,0.9774,5,1,5,7,12,12
60,Scenario,10000,normal,0.25,0.1,12,8,1423.163303,57,1,3,0.98,500,0,0,0.3389,0.0672,0.0767,0.0125,30,"[(30, 0.9997), (31, 1.0), (34, 1.0), (35, 1.0), (36, 0.9997), (43, 1.0), (44, 0.9999), (47, 0.9928), (48, 1.0), (49, 1.0), (50, 0.9712), (52, 1.0), (53, 0.9905), (54, 0.9963), (56, 0.994), (57, 1.0), (58, 0.9799)]",0.995529412,0.9712,9,0.941176471,8,8,16,17
61,Deterministic ,10000,normal,0.25,0.1,10,8,6.458598137,59,1,3,0.98,0,0,0,13.5575,0.2883,0.9853,0.1363,91,"[(30, 0.4396), (31, 0.6712), (32, 0.6361), (33, 0.7899), (34, 1.0), (35, 1.0), (36, 0.6723), (43, 0.845), (44, 0.7883), (45, 0.9796), (49, 0.4982), (50, 0.9065), (52, 0.5544), (53, 0.5538000000000001), (54, 0.6945), (55, 0.692), (56, 1.0), (57, 0.9987), (58, 0.5755), (59, 0.7796)]",0.75376,0.4396,9,0.25,2,3,5,20
62,Scenario,10000,normal,0.25,0.1,18,8,790.976135,59,1,3,0.98,50,0,0,1.3041,0.3796,0.2282,0.0628,40,"[(30, 0.998), (31, 0.9998), (32, 0.9841), (33, 0.9836), (34, 0.9476), (35, 1.0), (36, 1.0), (42, 0.984), (43, 0.9767), (45, 0.9988), (46, 0.9979), (47, 0.9986), (48, 0.9997), (49, 0.9772), (50, 0.9978), (51, 0.952), (52, 0.9686), (53, 0.9892), (54, 0.9963), (55, 0.9991), (56, 0.9917), (57, 0.997), (58, 0.9885), (59, 1.0)]",0.988591667,0.9476,17,0.875,15,6,21,24
63,EVT,10000,normal,0.25,0.1,14,8,174.315676,58,1,3,2.05,0,0.25,0.1,0.0507,0.005,0.0895,0.0069,15,"[(30, 0.9872), (31, 0.9944), (34, 1.0), (35, 1.0), (36, 0.9925), (43, 0.9991), (44, 0.9919), (46, 1.0), (47, 0.9888), (48, 0.9986), (49, 0.988), (50, 1.0), (52, 0.9947), (53, 0.998), (54, 0.9866), (56, 0.9896), (57, 0.9999), (58, 1.0), (59, 0.9929)]",0.994852632,0.9866,12,1,12,7,19,19
64,Deterministic ,10000,normal,0.25,0.1,12,8,34.86314797,59,1,3,0.98,0,0,0,9.0218,0.1758,0.9728,0.0872,69,"[(30, 0.4396), (31, 0.6712), (34, 1.0), (35, 1.0), (36, 0.6612), (43, 0.7692), (44, 0.7883), (47, 0.8421), (48, 0.8396), (49, 0.4982), (50, 0.6649), (52, 0.9957), (53, 0.5538000000000001), (54, 1.0), (55, 0.6496), (56, 0.8468), (57, 0.9987), (58, 0.7024), (59, 0.9773)]",0.784136842,0.4396,11,0.315789474,4,2,6,19
65,Scenario,10000,normal,0.25,0.1,14,8,2897.400125,58,1,3,0.98,300,0,0,0.3595,0.1623,0.0769,0.0295,30,"[(30, 1.0), (31, 0.9774), (34, 0.9964), (35, 1.0), (36, 0.9993), (43, 1.0), (44, 0.9999), (46, 0.9951), (47, 0.9928), (48, 1.0), (49, 0.9973), (50, 1.0), (52, 1.0), (53, 0.9905), (54, 0.9935), (56, 0.9914), (57, 1.0), (58, 0.9799), (59, 1.0)]",0.995447368,0.9774,12,1,12,7,19,19
66,Deterministic ,10000,normal,0.25,0.1,12,8,25.094383,59,1,3,0.98,0,0,0,9.0218,0.1758,0.9728,0.0872,69,"[(30, 0.4396), (31, 0.6712), (34, 1.0), (35, 1.0), (36, 0.6612), (43, 0.7692), (44, 0.7883), (47, 0.8421), (48, 0.8396), (49, 0.4982), (50, 0.6649), (52, 0.9957), (53, 0.5538000000000001), (54, 1.0), (55, 0.6496), (56, 0.8468), (57, 0.9987), (58, 0.7024), (59, 0.9773)]",0.784136842,0.4396,11,0.315789474,4,2,6,19
67,Deterministic ,10000,normal,0.25,0.1,8,8,4.689583063,60,1,3,0.98,0,0,0,10.0032,0.1726,0.9786,0.0879,81,"[(30, 0.49870000000000003), (31, 0.6712), (34, 1.0), (35, 1.0), (36, 0.6464), (43, 0.7692), (44, 0.7883), (47, 0.7806), (48, 1.0), (49, 0.4488), (50, 0.9065), (52, 0.9699), (53, 0.5538000000000001), (54, 0.6945), (55, 0.7128), (56, 0.5905), (57, 0.8009), (58, 0.6698999999999999), (59, 0.9773)]",0.762068421,0.4488,8,0.210526316,1,3,4,19
68,Scenario,10000,normal,0.25,0.1,12,8,68.23053384,58,1,3,0.98,50,0,0,0.806,0.016,0.156,0.0029,20,"[(30, 0.9924), (31, 1.0), (34, 0.9476), (35, 1.0), (36, 1.0), (43, 1.0), (44, 1.0), (47, 0.9927), (48, 0.9997), (49, 1.0), (50, 0.9884), (52, 0.9997), (53, 0.9297), (54, 0.9803), (56, 1.0), (57, 1.0), (58, 0.9983), (59, 1.0)]",0.990488889,0.9297,10,0.888888889,9,7,16,18
69,Scenario,10000,normal,0.25,0.1,10,8,44.27828717,58,1,3,0.98,50,0,0,1.0171,0.1967,0.1587,0.0321,38,"[(32, 0.9841), (33, 0.9836), (34, 0.9476), (35, 0.9788), (36, 0.9484), (43, 1.0), (44, 1.0), (45, 0.9988), (50, 1.0), (52, 0.9686), (53, 1.0), (54, 1.0), (56, 0.9996), (57, 1.0), (58, 0.9992), (59, 1.0)]",0.98804375,0.9476,8,0.8125,7,6,13,16
70,Scenario,10000,normal,0.25,0.1,10,8,305.2770219,57,1,3,0.98,100,0,0,0.2467,0.0384,0.066,0.0075,15,"[(30, 0.9983), (31, 0.9774), (34, 0.9997), (43, 1.0), (44, 0.9763), (49, 0.9798), (50, 1.0), (52, 1.0), (54, 0.9999), (56, 1.0), (57, 1.0), (58, 1.0), (59, 1.0)]",0.994723077,0.9763,7,1,7,6,13,13
71,Scenario,10000,normal,0.25,0.1,14,8,714.641556,58,1,3,0.98,100,0,0,0.5991,0.2219,0.1333,0.0428,30,"[(30, 0.9941), (31, 1.0), (34, 0.9964), (35, 1.0), (36, 1.0), (43, 1.0), (44, 0.9763), (46, 1.0), (47, 0.9928), (48, 0.9997), (49, 0.9984), (50, 0.9998), (52, 0.9617), (53, 0.9905), (54, 0.9737), (56, 0.9912), (57, 1.0), (58, 0.9799), (59, 1.0)]",0.992342105,0.9617,12,0.894736842,10,7,17,19
72,Scenario,10000,normal,0.25,0.1,16,8,485.3609459,58,1,3,0.98,50,0,0,1.5828,0.2812,0.2546,0.0472,55,"[(30, 0.9997), (31, 0.9774), (32, 0.9841), (33, 0.9836), (34, 0.9476), (35, 1.0), (36, 1.0), (43, 1.0), (45, 0.9988), (46, 0.9864), (47, 0.9927), (48, 0.9997), (49, 0.9889), (50, 0.9836), (51, 0.9533), (52, 0.9686), (53, 0.9297), (54, 1.0), (56, 0.9873), (57, 1.0), (58, 0.998), (59, 1.0)]",0.985427273,0.9297,14,0.818181818,11,7,18,22
73,Scenario,10000,normal,0.25,0.1,14,8,358.52582,58,1,3,0.98,50,0,0,1.9028,0.2086,0.2651,0.0345,55,"[(30, 0.9941), (31, 0.9853), (32, 0.9841), (33, 0.9836), (34, 0.9476), (35, 0.9788), (36, 0.9484), (43, 1.0), (44, 0.9763), (45, 0.9988), (46, 1.0), (47, 1.0), (48, 0.9998), (49, 0.9996), (50, 0.9035), (52, 0.9686), (53, 1.0), (54, 1.0), (56, 1.0), (57, 1.0), (58, 1.0), (59, 1.0)]",0.984931818,0.9035,12,0.818181818,10,8,18,22
74,Scenario,10000,normal,0.25,0.1,16,8,7196.025163,57,1,3,0.98,500,0,0,0.3743,0.1358,0.0819,0.0268,20,"[(30, 0.9997), (31, 1.0), (32, 0.9977), (33, 1.0), (34, 0.9986), (35, 1.0), (36, 0.9997), (43, 0.9949), (45, 1.0), (46, 0.9927), (47, 0.9928), (48, 1.0), (49, 1.0), (50, 0.9991), (52, 0.9819), (53, 0.9999), (54, 0.9748), (55, 1.0), (56, 0.9978), (57, 1.0), (58, 0.9839)]",0.995880952,0.9748,13,0.952380952,12,8,20,21
75,Deterministic ,10000,normal,0.25,0.1,12,8,25.90840006,59,1,3,0.98,0,0,0,9.0218,0.1758,0.9728,0.0872,69,"[(30, 0.4396), (31, 0.6712), (34, 1.0), (35, 1.0), (36, 0.6612), (43, 0.7692), (44, 0.7883), (47, 0.8421), (48, 0.8396), (49, 0.4982), (50, 0.6649), (52, 0.9957), (53, 0.5538000000000001), (54, 1.0), (55, 0.6496), (56, 0.8468), (57, 0.9987), (58, 0.7024), (59, 0.9773)]",0.784136842,0.4396,11,0.315789474,4,2,6,19
76,Deterministic ,10000,normal,0.25,0.1,8,8,4.778098106,60,1,3,0.98,0,0,0,10.0032,0.1726,0.9786,0.0879,81,"[(30, 0.49870000000000003), (31, 0.6712), (34, 1.0), (35, 1.0), (36, 0.6464), (43, 0.7692), (44, 0.7883), (47, 0.7806), (48, 1.0), (49, 0.4488), (50, 0.9065), (52, 0.9699), (53, 0.5538000000000001), (54, 0.6945), (55, 0.7128), (56, 0.5905), (57, 0.8009), (58, 0.6698999999999999), (59, 0.9773)]",0.762068421,0.4488,8,0.210526316,1,3,4,19
77,Scenario,10000,normal,0.25,0.1,18,8,744.9167411,59,1,3,0.98,50,0,0,1.3041,0.3796,0.2282,0.0628,40,"[(30, 0.998), (31, 0.9998), (32, 0.9841), (33, 0.9836), (34, 0.9476), (35, 1.0), (36, 1.0), (42, 0.984), (43, 0.9767), (45, 0.9988), (46, 0.9979), (47, 0.9986), (48, 0.9997), (49, 0.9772), (50, 0.9978), (51, 0.952), (52, 0.9686), (53, 0.9892), (54, 0.9963), (55, 0.9991), (56, 0.9917), (57, 0.997), (58, 0.9885), (59, 1.0)]",0.988591667,0.9476,17,0.875,15,6,21,24
78,Scenario,10000,normal,0.25,0.1,12,8,1289.639253,57,1,3,0.98,500,0,0,0.3389,0.0672,0.0767,0.0125,30,"[(30, 0.9997), (31, 1.0), (34, 1.0), (35, 1.0), (36, 0.9997), (43, 1.0), (44, 0.9999), (47, 0.9928), (48, 1.0), (49, 1.0), (50, 0.9712), (52, 1.0), (53, 0.9905), (54, 0.9963), (56, 0.994), (57, 1.0), (58, 0.9799)]",0.995529412,0.9712,9,0.941176471,8,8,16,17
79,Scenario,10000,normal,0.25,0.1,8,8,523.4752121,57,1,3,0.98,500,0,0,0.2293,0.01,0.0602,0.0019,25,"[(30, 0.9997), (31, 0.9774), (34, 1.0), (43, 1.0), (44, 1.0), (49, 0.9798), (50, 1.0), (52, 0.9905), (54, 1.0), (56, 1.0), (57, 1.0), (58, 0.9883)]",0.994641667,0.9774,5,1,5,7,12,12
80,Scenario,10000,normal,0.25,0.1,10,8,391.1991899,58,1,3,0.98,300,0,0,0.1746,0.0215,0.0368,0.0055,20,"[(34, 0.9997), (35, 0.9996), (36, 0.9993), (43, 1.0), (44, 1.0), (50, 1.0), (52, 0.9905), (53, 1.0), (54, 0.9964), (56, 0.9926), (57, 1.0), (58, 0.9812), (59, 1.0)]",0.996869231,0.9812,8,1,8,5,13,13
81,Scenario,10000,normal,0.25,0.1,14,8,2215.251625,58,1,3,0.98,300,0,0,0.3595,0.1623,0.0769,0.0295,30,"[(30, 1.0), (31, 0.9774), (34, 0.9964), (35, 1.0), (36, 0.9993), (43, 1.0), (44, 0.9999), (46, 0.9951), (47, 0.9928), (48, 1.0), (49, 0.9973), (50, 1.0), (52, 1.0), (53, 0.9905), (54, 0.9935), (56, 0.9914), (57, 1.0), (58, 0.9799), (59, 1.0)]",0.995447368,0.9774,12,1,12,7,19,19
82,Scenario,10000,normal,0.25,0.1,10,8,288.621197,57,1,3,0.98,100,0,0,0.2467,0.0384,0.066,0.0075,15,"[(30, 0.9983), (31, 0.9774), (34, 0.9997), (43, 1.0), (44, 0.9763), (49, 0.9798), (50, 1.0), (52, 1.0), (54, 0.9999), (56, 1.0), (57, 1.0), (58, 1.0), (59, 1.0)]",0.994723077,0.9763,7,1,7,6,13,13
83,Scenario,10000,normal,0.25,0.1,10,8,41.17328095,58,1,3,0.98,50,0,0,1.0171,0.1967,0.1587,0.0321,38,"[(32, 0.9841), (33, 0.9836), (34, 0.9476), (35, 0.9788), (36, 0.9484), (43, 1.0), (44, 1.0), (45, 0.9988), (50, 1.0), (52, 0.9686), (53, 1.0), (54, 1.0), (56, 0.9996), (57, 1.0), (58, 0.9992), (59, 1.0)]",0.98804375,0.9476,8,0.8125,7,6,13,16
84,EVT,10000,normal,0.25,0.1,10,8,26.03151894,58,1,3,2.05,0,0.25,0.1,0.0475,0,0.0822,0,15,"[(34, 0.9848), (35, 1.0), (36, 0.9927), (43, 0.9991), (44, 0.9919), (50, 1.0), (52, 0.9805), (53, 0.9875), (54, 0.9922), (56, 0.9907), (57, 0.9999), (58, 0.9886), (59, 1.0)]",0.992915385,0.9805,8,1,8,5,13,13
85,Deterministic ,10000,normal,0.25,0.1,18,8,151.9745269,60,1,3,0.98,0,0,0,20.5595,1.2284,0.9981,0.3425,120,"[(30, 0.4839), (31, 0.6712), (32, 0.6129), (33, 0.746), (34, 1.0), (35, 1.0), (36, 0.5589999999999999), (37, 0.9977), (38, 1.0), (39, 0.7757000000000001), (42, 0.5608), (43, 0.9451), (44, 0.7349), (45, 0.6108), (46, 0.7469), (47, 0.7753), (48, 0.5665), (49, 0.6489), (50, 0.6114999999999999), (51, 0.7927), (52, 0.5848), (53, 0.9771), (54, 0.6359), (55, 0.6834), (56, 0.5518000000000001), (57, 0.7935), (58, 0.6547000000000001), (59, 0.9781)]",0.739253571,0.4839,18,0.214285714,2,4,6,28
86,Scenario,10000,normal,0.25,0.1,12,8,66.45821095,58,1,3,0.98,50,0,0,0.806,0.016,0.156,0.0029,20,"[(30, 0.9924), (31, 1.0), (34, 0.9476), (35, 1.0), (36, 1.0), (43, 1.0), (44, 1.0), (47, 0.9927), (48, 0.9997), (49, 1.0), (50, 0.9884), (52, 0.9997), (53, 0.9297), (54, 0.9803), (56, 1.0), (57, 1.0), (58, 0.9983), (59, 1.0)]",0.990488889,0.9297,10,0.888888889,9,7,16,18
87,Scenario,10000,normal,0.25,0.1,14,8,374.5279429,58,1,3,0.98,50,0,0,1.9028,0.2086,0.2651,0.0345,55,"[(30, 0.9941), (31, 0.9853), (32, 0.9841), (33, 0.9836), (34, 0.9476), (35, 0.9788), (36, 0.9484), (43, 1.0), (44, 0.9763), (45, 0.9988), (46, 1.0), (47, 1.0), (48, 0.9998), (49, 0.9996), (50, 0.9035), (52, 0.9686), (53, 1.0), (54, 1.0), (56, 1.0), (57, 1.0), (58, 1.0), (59, 1.0)]",0.984931818,0.9035,12,0.818181818,10,8,18,22
88,Scenario,10000,normal,0.25,0.1,16,8,506.3605659,58,1,3,0.98,50,0,0,1.5828,0.2812,0.2546,0.0472,55,"[(30, 0.9997), (31, 0.9774), (32, 0.9841), (33, 0.9836), (34, 0.9476), (35, 1.0), (36, 1.0), (43, 1.0), (45, 0.9988), (46, 0.9864), (47, 0.9927), (48, 0.9997), (49, 0.9889), (50, 0.9836), (51, 0.9533), (52, 0.9686), (53, 0.9297), (54, 1.0), (56, 0.9873), (57, 1.0), (58, 0.998), (59, 1.0)]",0.985427273,0.9297,14,0.818181818,11,7,18,22
89,EVT,10000,normal,0.25,0.1,10,8,25.97689605,58,1,3,2.05,0,0.25,0.1,0.0475,0,0.0822,0,15,"[(34, 0.9848), (35, 1.0), (36, 0.9927), (43, 0.9991), (44, 0.9919), (50, 1.0), (52, 0.9805), (53, 0.9875), (54, 0.9922), (56, 0.9907), (57, 0.9999), (58, 0.9886), (59, 1.0)]",0.992915385,0.9805,8,1,8,5,13,13
90,Deterministic ,10000,normal,0.25,0.1,18,8,149.5432529,60,1,3,0.98,0,0,0,20.5595,1.2284,0.9981,0.3425,120,"[(30, 0.4839), (31, 0.6712), (32, 0.6129), (33, 0.746), (34, 1.0), (35, 1.0), (36, 0.5589999999999999), (37, 0.9977), (38, 1.0), (39, 0.7757000000000001), (42, 0.5608), (43, 0.9451), (44, 0.7349), (45, 0.6108), (46, 0.7469), (47, 0.7753), (48, 0.5665), (49, 0.6489), (50, 0.6114999999999999), (51, 0.7927), (52, 0.5848), (53, 0.9771), (54, 0.6359), (55, 0.6834), (56, 0.5518000000000001), (57, 0.7935), (58, 0.6547000000000001), (59, 0.9781)]",0.739253571,0.4839,18,0.214285714,2,4,6,28
91,Scenario,10000,normal,0.25,0.1,18,8,792.223953,59,1,3,0.98,50,0,0,1.3041,0.3796,0.2282,0.0628,40,"[(30, 0.998), (31, 0.9998), (32, 0.9841), (33, 0.9836), (34, 0.9476), (35, 1.0), (36, 1.0), (42, 0.984), (43, 0.9767), (45, 0.9988), (46, 0.9979), (47, 0.9986), (48, 0.9997), (49, 0.9772), (50, 0.9978), (51, 0.952), (52, 0.9686), (53, 0.9892), (54, 0.9963), (55, 0.9991), (56, 0.9917), (57, 0.997), (58, 0.9885), (59, 1.0)]",0.988591667,0.9476,17,0.875,15,6,21,24
92,Scenario,10000,normal,0.25,0.1,8,8,465.8539231,57,1,3,0.98,500,0,0,0.2293,0.01,0.0602,0.0019,25,"[(30, 0.9997), (31, 0.9774), (34, 1.0), (43, 1.0), (44, 1.0), (49, 0.9798), (50, 1.0), (52, 0.9905), (54, 1.0), (56, 1.0), (57, 1.0), (58, 0.9883)]",0.994641667,0.9774,5,1,5,7,12,12
93,Scenario,10000,normal,0.25,0.1,12,8,1430.873566,57,1,3,0.98,500,0,0,0.3389,0.0672,0.0767,0.0125,30,"[(30, 0.9997), (31, 1.0), (34, 1.0), (35, 1.0), (36, 0.9997), (43, 1.0), (44, 0.9999), (47, 0.9928), (48, 1.0), (49, 1.0), (50, 0.9712), (52, 1.0), (53, 0.9905), (54, 0.9963), (56, 0.994), (57, 1.0), (58, 0.9799)]",0.995529412,0.9712,9,0.941176471,8,8,16,17
94,Scenario,10000,normal,0.25,0.1,18,8,328.2487929,59,1,3,0.98,10,0,0,11.8308,0.4896,0.7861,0.0733,110,"[(30, 0.9279), (31, 0.9774), (32, 0.7877000000000001), (33, 0.6697), (34, 0.9217), (35, 1.0), (36, 0.9906), (42, 0.9687), (43, 0.8448), (44, 0.9763), (45, 0.8377), (46, 0.9767), (47, 1.0), (48, 0.9905), (49, 0.7999), (50, 0.9379), (52, 0.6891), (53, 0.9297), (54, 0.9472), (55, 0.9991), (56, 0.9601), (57, 0.9998), (58, 0.9713), (59, 0.9497)]",0.918895833,0.6697,17,0.375,6,3,9,24
95,Scenario,10000,normal,0.25,0.1,18,8,6197.511347,59,1,3,0.98,100,0,0,1.133,0.213,0.1771,0.0415,45,"[(30, 0.9927), (31, 0.9998), (32, 1.0), (33, 0.9836), (34, 0.9997), (35, 1.0), (36, 1.0), (42, 0.9777), (43, 0.9767), (44, 0.9763), (45, 0.9988), (46, 1.0), (47, 0.9928), (48, 0.9997), (49, 0.9911), (50, 0.9833), (52, 0.9981), (53, 0.9905), (54, 0.9672), (55, 0.9991), (56, 0.9917), (57, 0.9807), (58, 0.9799), (59, 1.0)]",0.990808333,0.9672,17,0.958333333,16,7,23,24
96,Scenario,10000,normal,0.25,0.1,8,8,176.7012939,58,1,3,0.98,100,0,0,0.4085,0.0479,0.1,0.0103,20,"[(30, 0.9983), (31, 0.9774), (34, 0.9964), (43, 1.0), (44, 0.9763), (49, 0.9798), (50, 0.9998), (52, 1.0), (54, 0.9737), (56, 0.9912), (57, 1.0), (58, 1.0), (59, 1.0)]",0.991761538,0.9737,6,0.923076923,5,7,12,13
97,Scenario,10000,normal,0.25,0.1,12,8,121.501667,58,1,3,0.98,100,0,0,0.4769,0.098,0.0868,0.0191,20,"[(30, 0.9988), (31, 1.0), (34, 0.9997), (35, 1.0), (36, 1.0), (43, 1.0), (44, 0.9763), (47, 0.9997), (48, 0.9997), (49, 1.0), (50, 0.9825), (52, 1.0), (53, 1.0), (54, 0.9999), (56, 0.9926), (57, 1.0), (58, 0.958), (59, 1.0)]",0.994844444,0.958,10,0.944444444,9,8,17,18
98,Scenario,10000,normal,0.25,0.1,10,8,17.14933705,58,1,3,0.98,10,0,0,9.7086,0.2365,0.7135,0.0316,95,"[(32, 0.7877000000000001), (33, 0.6697), (34, 1.0), (35, 1.0), (36, 0.9596), (43, 0.9949), (44, 0.9763), (45, 0.8377), (50, 0.9662), (52, 0.6891), (53, 0.9656), (54, 0.9229), (56, 1.0), (57, 0.8525), (58, 0.9884), (59, 0.8912)]",0.9063625,0.6697,8,0.375,2,4,6,16
99,Scenario,10000,normal,0.25,0.1,10,8,1156.331694,56,1,3,0.98,500,0,0,0.0335,0.009,0.0126,0.0018,10,"[(34, 1.0), (43, 1.0), (44, 1.0), (50, 1.0), (52, 0.999), (54, 0.9999), (56, 0.9995), (57, 1.0), (58, 0.9932)]",0.999066667,0.9932,6,1,6,3,9,9
100,Scenario,10000,normal,0.25,0.1,12,8,33.63986397,58,1,3,0.98,10,0,0,10.7471,0.2313,0.7475,0.0311,95,"[(30, 0.967), (31, 0.9853), (32, 0.7877000000000001), (33, 0.6697), (34, 1.0), (35, 1.0), (36, 0.9596), (43, 0.9949), (44, 0.9763), (45, 0.8377), (48, 0.9998), (49, 1.0), (50, 0.9882), (52, 0.6891), (53, 0.9656), (54, 0.9062), (56, 0.8699), (57, 0.8525), (58, 0.9991), (59, 0.8912)]",0.91699,0.6697,10,0.45,4,5,9,20
101,Scenario,10000,normal,0.25,0.1,14,8,153.1109622,59,1,3,0.98,10,0,0,10.5757,0.231,0.7642,0.0307,100,"[(30, 0.967), (31, 0.9853), (32, 0.7877000000000001), (33, 0.6697), (34, 0.9217), (35, 1.0), (36, 0.9596), (43, 0.9949), (44, 0.9763), (45, 0.8377), (46, 1.0), (47, 1.0), (48, 0.9998), (49, 0.794), (50, 0.9662), (52, 0.6891), (53, 0.9656), (54, 0.9962), (55, 0.9359999999999999), (56, 0.9898), (57, 0.8525), (58, 0.9817), (59, 0.9935)]",0.924534783,0.6697,13,0.47826087,7,4,11,23
102,Scenario,10000,normal,0.25,0.1,16,8,183.7319181,59,1,3,0.98,10,0,0,10.1116,0.3044,0.7499,0.0494,95,"[(30, 0.967), (31, 0.9853), (32, 0.7877000000000001), (33, 0.6697), (34, 0.9217), (35, 1.0), (36, 0.9596), (43, 0.9949), (44, 0.9763), (45, 0.8377), (46, 0.9659), (47, 1.0), (48, 0.9998), (49, 0.9692), (50, 1.0), (52, 0.6891), (53, 0.9656), (54, 0.9472), (55, 0.9359999999999999), (56, 0.9914), (57, 0.8525), (58, 0.9401), (59, 0.9935)]",0.928269565,0.6697,15,0.391304348,6,3,9,23
103,Scenario,10000,normal,0.25,0.1,16,8,3407.230239,58,1,3,0.98,300,0,0,0.2171,0.0202,0.0465,0.0041,25,"[(30, 0.9927), (31, 1.0), (32, 0.9997), (33, 1.0), (34, 0.9964), (35, 1.0), (36, 0.9993), (43, 0.9949), (45, 0.9996), (46, 0.9994), (47, 0.9986), (48, 1.0), (49, 0.997), (50, 0.9999), (52, 0.9927), (53, 0.9892), (54, 1.0), (55, 0.996), (56, 0.9948), (57, 1.0), (58, 0.9995), (59, 1.0)]",0.997713636,0.9892,14,1,14,8,22,22
104,EVT,10000,normal,0.25,0.1,8,8,27.92042994,59,1,3,2.05,0,0.25,0.1,0.0424,0,0.0701,0,15,"[(34, 0.9848), (35, 1.0), (36, 0.9927), (43, 0.9991), (44, 0.9919), (50, 0.9961), (52, 0.994), (53, 0.9875), (54, 0.9954), (56, 0.9907), (57, 0.9999), (58, 0.9898), (59, 1.0)]",0.993992308,0.9848,7,1,7,6,13,13
105,EVT,10000,normal,0.25,0.1,14,8,176.0900359,58,1,3,2.05,0,0.25,0.1,0.0507,0.005,0.0895,0.0069,15,"[(30, 0.9872), (31, 0.9944), (34, 1.0), (35, 1.0), (36, 0.9925), (43, 0.9991), (44, 0.9919), (46, 1.0), (47, 0.9888), (48, 0.9986), (49, 0.988), (50, 1.0), (52, 0.9947), (53, 0.998), (54, 0.9866), (56, 0.9896), (57, 0.9999), (58, 1.0), (59, 0.9929)]",0.994852632,0.9866,12,1,12,7,19,19
106,Scenario,10000,normal,0.25,0.1,16,8,1031.542093,58,1,3,0.98,100,0,0,0.9212,0.1345,0.1604,0.028,55,"[(30, 0.9983), (31, 0.9774), (32, 0.9944), (33, 1.0), (34, 0.9964), (35, 1.0), (36, 1.0), (43, 0.9919), (45, 0.9985), (46, 1.0), (47, 0.9928), (48, 0.9997), (49, 0.9798), (50, 0.9736), (51, 0.9895), (52, 0.9914), (53, 0.9905), (54, 0.9737), (56, 0.978), (57, 1.0), (58, 0.9799), (59, 1.0)]",0.991172727,0.9736,14,0.909090909,12,8,20,22
107,Scenario,10000,normal,0.25,0.1,18,8,329.9448841,59,1,3,0.98,10,0,0,11.8308,0.4896,0.7861,0.0733,110,"[(30, 0.9279), (31, 0.9774), (32, 0.7877000000000001), (33, 0.6697), (34, 0.9217), (35, 1.0), (36, 0.9906), (42, 0.9687), (43, 0.8448), (44, 0.9763), (45, 0.8377), (46, 0.9767), (47, 1.0), (48, 0.9905), (49, 0.7999), (50, 0.9379), (52, 0.6891), (53, 0.9297), (54, 0.9472), (55, 0.9991), (56, 0.9601), (57, 0.9998), (58, 0.9713), (59, 0.9497)]",0.918895833,0.6697,17,0.375,6,3,9,24
108,Scenario,10000,normal,0.25,0.1,12,8,120.5756202,58,1,3,0.98,100,0,0,0.4769,0.098,0.0868,0.0191,20,"[(30, 0.9988), (31, 1.0), (34, 0.9997), (35, 1.0), (36, 1.0), (43, 1.0), (44, 0.9763), (47, 0.9997), (48, 0.9997), (49, 1.0), (50, 0.9825), (52, 1.0), (53, 1.0), (54, 0.9999), (56, 0.9926), (57, 1.0), (58, 0.958), (59, 1.0)]",0.994844444,0.958,10,0.944444444,9,8,17,18
109,Scenario,10000,normal,0.25,0.1,8,8,152.0137331,58,1,3,0.98,100,0,0,0.4555,0.0629,0.0998,0.0133,45,"[(30, 0.9983), (31, 0.9774), (34, 0.9964), (43, 1.0), (44, 0.9763), (49, 0.9798), (50, 0.997), (52, 0.9964), (54, 0.9737), (56, 1.0), (57, 1.0), (58, 0.9917), (59, 1.0)]",0.991307692,0.9737,6,0.923076923,5,7,12,13
110,Scenario,10000,normal,0.25,0.1,18,8,4956.20238,59,1,3,0.98,100,0,0,1.133,0.213,0.1771,0.0415,45,"[(30, 0.9927), (31, 0.9998), (32, 1.0), (33, 0.9836), (34, 0.9997), (35, 1.0), (36, 1.0), (42, 0.9777), (43, 0.9767), (44, 0.9763), (45, 0.9988), (46, 1.0), (47, 0.9928), (48, 0.9997), (49, 0.9911), (50, 0.9833), (52, 0.9981), (53, 0.9905), (54, 0.9672), (55, 0.9991), (56, 0.9917), (57, 0.9807), (58, 0.9799), (59, 1.0)]",0.990808333,0.9672,17,0.958333333,16,7,23,24
111,Deterministic ,10000,normal,0.25,0.1,10,8,6.234930038,59,1,3,0.98,0,0,0,13.5575,0.2883,0.9853,0.1363,91,"[(30, 0.4396), (31, 0.6712), (32, 0.6361), (33, 0.7899), (34, 1.0), (35, 1.0), (36, 0.6723), (43, 0.845), (44, 0.7883), (45, 0.9796), (49, 0.4982), (50, 0.9065), (52, 0.5544), (53, 0.5538000000000001), (54, 0.6945), (55, 0.692), (56, 1.0), (57, 0.9987), (58, 0.5755), (59, 0.7796)]",0.75376,0.4396,9,0.25,2,3,5,20
112,Scenario,10000,normal,0.25,0.1,10,8,1018.134979,56,1,3,0.98,500,0,0,0.0335,0.009,0.0126,0.0018,10,"[(34, 1.0), (43, 1.0), (44, 1.0), (50, 1.0), (52, 0.999), (54, 0.9999), (56, 0.9995), (57, 1.0), (58, 0.9932)]",0.999066667,0.9932,6,1,6,3,9,9
113,Scenario,10000,normal,0.25,0.1,12,8,33.35012007,58,1,3,0.98,10,0,0,10.7471,0.2313,0.7475,0.0311,95,"[(30, 0.967), (31, 0.9853), (32, 0.7877000000000001), (33, 0.6697), (34, 1.0), (35, 1.0), (36, 0.9596), (43, 0.9949), (44, 0.9763), (45, 0.8377), (48, 0.9998), (49, 1.0), (50, 0.9882), (52, 0.6891), (53, 0.9656), (54, 0.9062), (56, 0.8699), (57, 0.8525), (58, 0.9991), (59, 0.8912)]",0.91699,0.6697,10,0.45,4,5,9,20
114,Scenario,10000,normal,0.25,0.1,10,8,17.2166028,58,1,3,0.98,10,0,0,9.7086,0.2365,0.7135,0.0316,95,"[(32, 0.7877000000000001), (33, 0.6697), (34, 1.0), (35, 1.0), (36, 0.9596), (43, 0.9949), (44, 0.9763), (45, 0.8377), (50, 0.9662), (52, 0.6891), (53, 0.9656), (54, 0.9229), (56, 1.0), (57, 0.8525), (58, 0.9884), (59, 0.8912)]",0.9063625,0.6697,8,0.375,2,4,6,16
115,EVT,10000,normal,0.25,0.1,14,8,175.115835,58,1,3,2.05,0,0.25,0.1,0.0507,0.005,0.0895,0.0069,15,"[(30, 0.9872), (31, 0.9944), (34, 1.0), (35, 1.0), (36, 0.9925), (43, 0.9991), (44, 0.9919), (46, 1.0), (47, 0.9888), (48, 0.9986), (49, 0.988), (50, 1.0), (52, 0.9947), (53, 0.998), (54, 0.9866), (56, 0.9896), (57, 0.9999), (58, 1.0), (59, 0.9929)]",0.994852632,0.9866,12,1,12,7,19,19
116,Deterministic ,10000,normal,0.25,0.1,10,8,6.196849108,59,1,3,0.98,0,0,0,13.5575,0.2883,0.9853,0.1363,91,"[(30, 0.4396), (31, 0.6712), (32, 0.6361), (33, 0.7899), (34, 1.0), (35, 1.0), (36, 0.6723), (43, 0.845), (44, 0.7883), (45, 0.9796), (49, 0.4982), (50, 0.9065), (52, 0.5544), (53, 0.5538000000000001), (54, 0.6945), (55, 0.692), (56, 1.0), (57, 0.9987), (58, 0.5755), (59, 0.7796)]",0.75376,0.4396,9,0.25,2,3,5,20
117,Scenario,10000,normal,0.25,0.1,16,8,182.681988,59,1,3,0.98,10,0,0,10.1116,0.3044,0.7499,0.0494,95,"[(30, 0.967), (31, 0.9853), (32, 0.7877000000000001), (33, 0.6697), (34, 0.9217), (35, 1.0), (36, 0.9596), (43, 0.9949), (44, 0.9763), (45, 0.8377), (46, 0.9659), (47, 1.0), (48, 0.9998), (49, 0.9692), (50, 1.0), (52, 0.6891), (53, 0.9656), (54, 0.9472), (55, 0.9359999999999999), (56, 0.9914), (57, 0.8525), (58, 0.9401), (59, 0.9935)]",0.928269565,0.6697,15,0.391304348,6,3,9,23
118,Scenario,10000,normal,0.25,0.1,14,8,154.1020842,59,1,3,0.98,10,0,0,10.5757,0.231,0.7642,0.0307,100,"[(30, 0.967), (31, 0.9853), (32, 0.7877000000000001), (33, 0.6697), (34, 0.9217), (35, 1.0), (36, 0.9596), (43, 0.9949), (44, 0.9763), (45, 0.8377), (46, 1.0), (47, 1.0), (48, 0.9998), (49, 0.794), (50, 0.9662), (52, 0.6891), (53, 0.9656), (54, 0.9962), (55, 0.9359999999999999), (56, 0.9898), (57, 0.8525), (58, 0.9817), (59, 0.9935)]",0.924534783,0.6697,13,0.47826087,7,4,11,23
119,Scenario,10000,normal,0.25,0.1,16,8,3147.473775,58,1,3,0.98,300,0,0,0.2171,0.0202,0.0465,0.0041,25,"[(30, 0.9927), (31, 1.0), (32, 0.9997), (33, 1.0), (34, 0.9964), (35, 1.0), (36, 0.9993), (43, 0.9949), (45, 0.9996), (46, 0.9994), (47, 0.9986), (48, 1.0), (49, 0.997), (50, 0.9999), (52, 0.9927), (53, 0.9892), (54, 1.0), (55, 0.996), (56, 0.9948), (57, 1.0), (58, 0.9995), (59, 1.0)]",0.997713636,0.9892,14,1,14,8,22,22
120,Scenario,10000,normal,0.25,0.1,8,8,10.87371516,59,1,3,0.98,10,0,0,9.8729,0.2365,0.7145,0.0316,95,"[(32, 0.7877000000000001), (33, 0.6697), (34, 1.0), (35, 1.0), (36, 0.9596), (43, 0.9949), (44, 0.9763), (45, 0.8377), (50, 0.9662), (52, 0.6891), (53, 0.9656), (54, 0.9229), (56, 0.9412), (57, 0.8525), (58, 1.0), (59, 0.8912)]",0.9034125,0.6697,7,0.3125,1,4,5,16
121,EVT,10000,normal,0.25,0.1,8,8,25.3283751,59,1,3,2.05,0,0.25,0.1,0.0424,0,0.0701,0,15,"[(34, 0.9848), (35, 1.0), (36, 0.9927), (43, 0.9991), (44, 0.9919), (50, 0.9961), (52, 0.994), (53, 0.9875), (54, 0.9954), (56, 0.9907), (57, 0.9999), (58, 0.9898), (59, 1.0)]",0.993992308,0.9848,7,1,7,6,13,13
122,EVT,10000,normal,0.25,0.1,8,8,28.09069705,59,1,3,2.05,0,0.25,0.1,0.0424,0,0.0701,0,15,"[(34, 0.9848), (35, 1.0), (36, 0.9927), (43, 0.9991), (44, 0.9919), (50, 0.9961), (52, 0.994), (53, 0.9875), (54, 0.9954), (56, 0.9907), (57, 0.9999), (58, 0.9898), (59, 1.0)]",0.993992308,0.9848,7,1,7,6,13,13
123,Scenario,10000,normal,0.25,0.1,18,8,4724.295605,59,1,3,0.98,100,0,0,1.133,0.213,0.1771,0.0415,45,"[(30, 0.9927), (31, 0.9998), (32, 1.0), (33, 0.9836), (34, 0.9997), (35, 1.0), (36, 1.0), (42, 0.9777), (43, 0.9767), (44, 0.9763), (45, 0.9988), (46, 1.0), (47, 0.9928), (48, 0.9997), (49, 0.9911), (50, 0.9833), (52, 0.9981), (53, 0.9905), (54, 0.9672), (55, 0.9991), (56, 0.9917), (57, 0.9807), (58, 0.9799), (59, 1.0)]",0.990808333,0.9672,17,0.958333333,16,7,23,24
124,Scenario,10000,normal,0.25,0.1,8,8,140.047709,58,1,3,0.98,100,0,0,0.4555,0.0629,0.0998,0.0133,45,"[(30, 0.9983), (31, 0.9774), (34, 0.9964), (43, 1.0), (44, 0.9763), (49, 0.9798), (50, 0.997), (52, 0.9964), (54, 0.9737), (56, 1.0), (57, 1.0), (58, 0.9917), (59, 1.0)]",0.991307692,0.9737,6,0.923076923,5,7,12,13
125,Scenario,10000,normal,0.25,0.1,12,8,117.4296498,58,1,3,0.98,100,0,0,0.4769,0.098,0.0868,0.0191,20,"[(30, 0.9988), (31, 1.0), (34, 0.9997), (35, 1.0), (36, 1.0), (43, 1.0), (44, 0.9763), (47, 0.9997), (48, 0.9997), (49, 1.0), (50, 0.9825), (52, 1.0), (53, 1.0), (54, 0.9999), (56, 0.9926), (57, 1.0), (58, 0.958), (59, 1.0)]",0.994844444,0.958,10,0.944444444,9,8,17,18
126,Scenario,10000,normal,0.25,0.1,18,8,326.3892522,59,1,3,0.98,10,0,0,11.8308,0.4896,0.7861,0.0733,110,"[(30, 0.9279), (31, 0.9774), (32, 0.7877000000000001), (33, 0.6697), (34, 0.9217), (35, 1.0), (36, 0.9906), (42, 0.9687), (43, 0.8448), (44, 0.9763), (45, 0.8377), (46, 0.9767), (47, 1.0), (48, 0.9905), (49, 0.7999), (50, 0.9379), (52, 0.6891), (53, 0.9297), (54, 0.9472), (55, 0.9991), (56, 0.9601), (57, 0.9998), (58, 0.9713), (59, 0.9497)]",0.918895833,0.6697,17,0.375,6,3,9,24
127,Deterministic ,10000,normal,0.25,0.1,8,8,4.669245958,60,1,3,0.98,0,0,0,10.0032,0.1726,0.9786,0.0879,81,"[(30, 0.49870000000000003), (31, 0.6712), (34, 1.0), (35, 1.0), (36, 0.6464), (43, 0.7692), (44, 0.7883), (47, 0.7806), (48, 1.0), (49, 0.4488), (50, 0.9065), (52, 0.9699), (53, 0.5538000000000001), (54, 0.6945), (55, 0.7128), (56, 0.5905), (57, 0.8009), (58, 0.6698999999999999), (59, 0.9773)]",0.762068421,0.4488,8,0.210526316,1,3,4,19
128,Scenario,10000,normal,0.25,0.1,14,8,154.692127,59,1,3,0.98,10,0,0,10.5757,0.231,0.7642,0.0307,100,"[(30, 0.967), (31, 0.9853), (32, 0.7877000000000001), (33, 0.6697), (34, 0.9217), (35, 1.0), (36, 0.9596), (43, 0.9949), (44, 0.9763), (45, 0.8377), (46, 1.0), (47, 1.0), (48, 0.9998), (49, 0.794), (50, 0.9662), (52, 0.6891), (53, 0.9656), (54, 0.9962), (55, 0.9359999999999999), (56, 0.9898), (57, 0.8525), (58, 0.9817), (59, 0.9935)]",0.924534783,0.6697,13,0.47826087,7,4,11,23
129,Scenario,10000,normal,0.25,0.1,16,8,189.014472,59,1,3,0.98,10,0,0,10.1116,0.3044,0.7499,0.0494,95,"[(30, 0.967), (31, 0.9853), (32, 0.7877000000000001), (33, 0.6697), (34, 0.9217), (35, 1.0), (36, 0.9596), (43, 0.9949), (44, 0.9763), (45, 0.8377), (46, 0.9659), (47, 1.0), (48, 0.9998), (49, 0.9692), (50, 1.0), (52, 0.6891), (53, 0.9656), (54, 0.9472), (55, 0.9359999999999999), (56, 0.9914), (57, 0.8525), (58, 0.9401), (59, 0.9935)]",0.928269565,0.6697,15,0.391304348,6,3,9,23
130,Scenario,10000,normal,0.25,0.1,10,8,19.440516,58,1,3,0.98,10,0,0,9.7086,0.2365,0.7135,0.0316,95,"[(32, 0.7877000000000001), (33, 0.6697), (34, 1.0), (35, 1.0), (36, 0.9596), (43, 0.9949), (44, 0.9763), (45, 0.8377), (50, 0.9662), (52, 0.6891), (53, 0.9656), (54, 0.9229), (56, 1.0), (57, 0.8525), (58, 0.9884), (59, 0.8912)]",0.9063625,0.6697,8,0.375,2,4,6,16
131,Deterministic ,10000,normal,0.25,0.1,8,8,4.656623125,60,1,3,0.98,0,0,0,10.0032,0.1726,0.9786,0.0879,81,"[(30, 0.49870000000000003), (31, 0.6712), (34, 1.0), (35, 1.0), (36, 0.6464), (43, 0.7692), (44, 0.7883), (47, 0.7806), (48, 1.0), (49, 0.4488), (50, 0.9065), (52, 0.9699), (53, 0.5538000000000001), (54, 0.6945), (55, 0.7128), (56, 0.5905), (57, 0.8009), (58, 0.6698999999999999), (59, 0.9773)]",0.762068421,0.4488,8,0.210526316,1,3,4,19
132,Scenario,10000,normal,0.25,0.1,12,8,37.73753405,58,1,3,0.98,10,0,0,10.7471,0.2313,0.7475,0.0311,95,"[(30, 0.967), (31, 0.9853), (32, 0.7877000000000001), (33, 0.6697), (34, 1.0), (35, 1.0), (36, 0.9596), (43, 0.9949), (44, 0.9763), (45, 0.8377), (48, 0.9998), (49, 1.0), (50, 0.9882), (52, 0.6891), (53, 0.9656), (54, 0.9062), (56, 0.8699), (57, 0.8525), (58, 0.9991), (59, 0.8912)]",0.91699,0.6697,10,0.45,4,5,9,20
133,Scenario,10000,normal,0.25,0.1,10,8,1150.169251,56,1,3,0.98,500,0,0,0.0335,0.009,0.0126,0.0018,10,"[(34, 1.0), (43, 1.0), (44, 1.0), (50, 1.0), (52, 0.999), (54, 0.9999), (56, 0.9995), (57, 1.0), (58, 0.9932)]",0.999066667,0.9932,6,1,6,3,9,9
134,Deterministic ,10000,normal,0.25,0.1,12,8,40.47760606,59,1,3,0.98,0,0,0,9.0218,0.1758,0.9728,0.0872,69,"[(30, 0.4396), (31, 0.6712), (34, 1.0), (35, 1.0), (36, 0.6612), (43, 0.7692), (44, 0.7883), (47, 0.8421), (48, 0.8396), (49, 0.4982), (50, 0.6649), (52, 0.9957), (53, 0.5538000000000001), (54, 1.0), (55, 0.6496), (56, 0.8468), (57, 0.9987), (58, 0.7024), (59, 0.9773)]",0.784136842,0.4396,11,0.315789474,4,2,6,19
135,Scenario,10000,normal,0.25,0.1,16,8,3095.783422,58,1,3,0.98,300,0,0,0.2171,0.0202,0.0465,0.0041,25,"[(30, 0.9927), (31, 1.0), (32, 0.9997), (33, 1.0), (34, 0.9964), (35, 1.0), (36, 0.9993), (43, 0.9949), (45, 0.9996), (46, 0.9994), (47, 0.9986), (48, 1.0), (49, 0.997), (50, 0.9999), (52, 0.9927), (53, 0.9892), (54, 1.0), (55, 0.996), (56, 0.9948), (57, 1.0), (58, 0.9995), (59, 1.0)]",0.997713636,0.9892,14,1,14,8,22,22
136,Deterministic ,10000,normal,0.25,0.1,12,8,24.5938201,59,1,3,0.98,0,0,0,9.0218,0.1758,0.9728,0.0872,69,"[(30, 0.4396), (31, 0.6712), (34, 1.0), (35, 1.0), (36, 0.6612), (43, 0.7692), (44, 0.7883), (47, 0.8421), (48, 0.8396), (49, 0.4982), (50, 0.6649), (52, 0.9957), (53, 0.5538000000000001), (54, 1.0), (55, 0.6496), (56, 0.8468), (57, 0.9987), (58, 0.7024), (59, 0.9773)]",0.784136842,0.4396,11,0.315789474,4,2,6,19
137,Deterministic ,10000,normal,0.25,0.1,8,8,4.706887007,60,1,3,0.98,0,0,0,10.0032,0.1726,0.9786,0.0879,81,"[(30, 0.49870000000000003), (31, 0.6712), (34, 1.0), (35, 1.0), (36, 0.6464), (43, 0.7692), (44, 0.7883), (47, 0.7806), (48, 1.0), (49, 0.4488), (50, 0.9065), (52, 0.9699), (53, 0.5538000000000001), (54, 0.6945), (55, 0.7128), (56, 0.5905), (57, 0.8009), (58, 0.6698999999999999), (59, 0.9773)]",0.762068421,0.4488,8,0.210526316,1,3,4,19
138,Scenario,10000,normal,0.25,0.1,12,8,120.1599069,58,1,3,0.98,100,0,0,0.4769,0.098,0.0868,0.0191,20,"[(30, 0.9988), (31, 1.0), (34, 0.9997), (35, 1.0), (36, 1.0), (43, 1.0), (44, 0.9763), (47, 0.9997), (48, 0.9997), (49, 1.0), (50, 0.9825), (52, 1.0), (53, 1.0), (54, 0.9999), (56, 0.9926), (57, 1.0), (58, 0.958), (59, 1.0)]",0.994844444,0.958,10,0.944444444,9,8,17,18
139,Scenario,10000,normal,0.25,0.1,8,8,154.770539,58,1,3,0.98,100,0,0,0.4555,0.0629,0.0998,0.0133,45,"[(30, 0.9983), (31, 0.9774), (34, 0.9964), (43, 1.0), (44, 0.9763), (49, 0.9798), (50, 0.997), (52, 0.9964), (54, 0.9737), (56, 1.0), (57, 1.0), (58, 0.9917), (59, 1.0)]",0.991307692,0.9737,6,0.923076923,5,7,12,13
140,Scenario,10000,normal,0.25,0.1,18,8,2444.6007,59,1,3,0.98,100,0,0,1.133,0.213,0.1771,0.0415,45,"[(30, 0.9927), (31, 0.9998), (32, 1.0), (33, 0.9836), (34, 0.9997), (35, 1.0), (36, 1.0), (42, 0.9777), (43, 0.9767), (44, 0.9763), (45, 0.9988), (46, 1.0), (47, 0.9928), (48, 0.9997), (49, 0.9911), (50, 0.9833), (52, 0.9981), (53, 0.9905), (54, 0.9672), (55, 0.9991), (56, 0.9917), (57, 0.9807), (58, 0.9799), (59, 1.0)]",0.990808333,0.9672,17,0.958333333,16,7,23,24
141,Deterministic ,10000,normal,0.25,0.1,18,8,148.972863,60,1,3,0.98,0,0,0,20.5595,1.2284,0.9981,0.3425,120,"[(30, 0.4839), (31, 0.6712), (32, 0.6129), (33, 0.746), (34, 1.0), (35, 1.0), (36, 0.5589999999999999), (37, 0.9977), (38, 1.0), (39, 0.7757000000000001), (42, 0.5608), (43, 0.9451), (44, 0.7349), (45, 0.6108), (46, 0.7469), (47, 0.7753), (48, 0.5665), (49, 0.6489), (50, 0.6114999999999999), (51, 0.7927), (52, 0.5848), (53, 0.9771), (54, 0.6359), (55, 0.6834), (56, 0.5518000000000001), (57, 0.7935), (58, 0.6547000000000001), (59, 0.9781)]",0.739253571,0.4839,18,0.214285714,2,4,6,28
142,EVT,10000,normal,0.25,0.1,10,8,27.89383197,58,1,3,2.05,0,0.25,0.1,0.0475,0,0.0822,0,15,"[(34, 0.9848), (35, 1.0), (36, 0.9927), (43, 0.9991), (44, 0.9919), (50, 1.0), (52, 0.9805), (53, 0.9875), (54, 0.9922), (56, 0.9907), (57, 0.9999), (58, 0.9886), (59, 1.0)]",0.992915385,0.9805,8,1,8,5,13,13
143,Scenario,10000,normal,0.25,0.1,18,8,326.183358,59,1,3,0.98,10,0,0,11.8308,0.4896,0.7861,0.0733,110,"[(30, 0.9279), (31, 0.9774), (32, 0.7877000000000001), (33, 0.6697), (34, 0.9217), (35, 1.0), (36, 0.9906), (42, 0.9687), (43, 0.8448), (44, 0.9763), (45, 0.8377), (46, 0.9767), (47, 1.0), (48, 0.9905), (49, 0.7999), (50, 0.9379), (52, 0.6891), (53, 0.9297), (54, 0.9472), (55, 0.9991), (56, 0.9601), (57, 0.9998), (58, 0.9713), (59, 0.9497)]",0.918895833,0.6697,17,0.375,6,3,9,24
144,Scenario,10000,normal,0.25,0.1,16,8,182.5765281,59,1,3,0.98,10,0,0,10.1116,0.3044,0.7499,0.0494,95,"[(30, 0.967), (31, 0.9853), (32, 0.7877000000000001), (33, 0.6697), (34, 0.9217), (35, 1.0), (36, 0.9596), (43, 0.9949), (44, 0.9763), (45, 0.8377), (46, 0.9659), (47, 1.0), (48, 0.9998), (49, 0.9692), (50, 1.0), (52, 0.6891), (53, 0.9656), (54, 0.9472), (55, 0.9359999999999999), (56, 0.9914), (57, 0.8525), (58, 0.9401), (59, 0.9935)]",0.928269565,0.6697,15,0.391304348,6,3,9,23
145,Scenario,10000,normal,0.25,0.1,14,8,153.570014,59,1,3,0.98,10,0,0,10.5757,0.231,0.7642,0.0307,100,"[(30, 0.967), (31, 0.9853), (32, 0.7877000000000001), (33, 0.6697), (34, 0.9217), (35, 1.0), (36, 0.9596), (43, 0.9949), (44, 0.9763), (45, 0.8377), (46, 1.0), (47, 1.0), (48, 0.9998), (49, 0.794), (50, 0.9662), (52, 0.6891), (53, 0.9656), (54, 0.9962), (55, 0.9359999999999999), (56, 0.9898), (57, 0.8525), (58, 0.9817), (59, 0.9935)]",0.924534783,0.6697,13,0.47826087,7,4,11,23
146,Scenario,10000,normal,0.25,0.1,12,8,36.8642168,58,1,3,0.98,10,0,0,10.7471,0.2313,0.7475,0.0311,95,"[(30, 0.967), (31, 0.9853), (32, 0.7877000000000001), (33, 0.6697), (34, 1.0), (35, 1.0), (36, 0.9596), (43, 0.9949), (44, 0.9763), (45, 0.8377), (48, 0.9998), (49, 1.0), (50, 0.9882), (52, 0.6891), (53, 0.9656), (54, 0.9062), (56, 0.8699), (57, 0.8525), (58, 0.9991), (59, 0.8912)]",0.91699,0.6697,10,0.45,4,5,9,20
147,Scenario,10000,normal,0.25,0.1,10,8,1102.215766,56,1,3,0.98,500,0,0,0.0335,0.009,0.0126,0.0018,10,"[(34, 1.0), (43, 1.0), (44, 1.0), (50, 1.0), (52, 0.999), (54, 0.9999), (56, 0.9995), (57, 1.0), (58, 0.9932)]",0.999066667,0.9932,6,1,6,3,9,9
148,Scenario,10000,normal,0.25,0.1,10,8,17.03500199,58,1,3,0.98,10,0,0,9.7086,0.2365,0.7135,0.0316,95,"[(32, 0.7877000000000001), (33, 0.6697), (34, 1.0), (35, 1.0), (36, 0.9596), (43, 0.9949), (44, 0.9763), (45, 0.8377), (50, 0.9662), (52, 0.6891), (53, 0.9656), (54, 0.9229), (56, 1.0), (57, 0.8525), (58, 0.9884), (59, 0.8912)]",0.9063625,0.6697,8,0.375,2,4,6,16
149,Deterministic ,10000,normal,0.25,0.1,18,8,151.940238,60,1,3,0.98,0,0,0,20.5595,1.2284,0.9981,0.3425,120,"[(30, 0.4839), (31, 0.6712), (32, 0.6129), (33, 0.746), (34, 1.0), (35, 1.0), (36, 0.5589999999999999), (37, 0.9977), (38, 1.0), (39, 0.7757000000000001), (42, 0.5608), (43, 0.9451), (44, 0.7349), (45, 0.6108), (46, 0.7469), (47, 0.7753), (48, 0.5665), (49, 0.6489), (50, 0.6114999999999999), (51, 0.7927), (52, 0.5848), (53, 0.9771), (54, 0.6359), (55, 0.6834), (56, 0.5518000000000001), (57, 0.7935), (58, 0.6547000000000001), (59, 0.9781)]",0.739253571,0.4839,18,0.214285714,2,4,6,28
150,EVT,10000,normal,0.25,0.1,10,8,26.15863299,58,1,3,2.05,0,0.25,0.1,0.0475,0,0.0822,0,15,"[(34, 0.9848), (35, 1.0), (36, 0.9927), (43, 0.9991), (44, 0.9919), (50, 1.0), (52, 0.9805), (53, 0.9875), (54, 0.9922), (56, 0.9907), (57, 0.9999), (58, 0.9886), (59, 1.0)]",0.992915385,0.9805,8,1,8,5,13,13
151,EVT,10000,normal,0.25,0.1,10,8,26.13517022,58,1,3,2.05,0,0.25,0.1,0.0475,0,0.0822,0,15,"[(34, 0.9848), (35, 1.0), (36, 0.9927), (43, 0.9991), (44, 0.9919), (50, 1.0), (52, 0.9805), (53, 0.9875), (54, 0.9922), (56, 0.9907), (57, 0.9999), (58, 0.9886), (59, 1.0)]",0.992915385,0.9805,8,1,8,5,13,13
152,Scenario,10000,normal,0.25,0.1,8,8,281.502816,59,1,3,0.98,300,0,0,0.253,0.1492,0.0463,0.0284,35,"[(30, 0.9927), (31, 0.9998), (34, 0.9964), (35, 0.9996), (36, 0.9993), (43, 1.0), (44, 1.0), (49, 0.999), (50, 0.9945), (52, 0.9995), (53, 1.0), (54, 0.9998), (56, 0.9776), (57, 1.0), (58, 0.9942), (59, 1.0)]",0.997025,0.9776,7,1,7,9,16,16
153,Scenario,10000,normal,0.25,0.1,16,8,3113.452991,58,1,3,0.98,300,0,0,0.2171,0.0202,0.0465,0.0041,25,"[(30, 0.9927), (31, 1.0), (32, 0.9997), (33, 1.0), (34, 0.9964), (35, 1.0), (36, 0.9993), (43, 0.9949), (45, 0.9996), (46, 0.9994), (47, 0.9986), (48, 1.0), (49, 0.997), (50, 0.9999), (52, 0.9927), (53, 0.9892), (54, 1.0), (55, 0.996), (56, 0.9948), (57, 1.0), (58, 0.9995), (59, 1.0)]",0.997713636,0.9892,14,1,14,8,22,22
154,Deterministic ,10000,normal,0.25,0.1,18,8,150.218467,60,1,3,0.98,0,0,0,20.5595,1.2284,0.9981,0.3425,120,"[(30, 0.4839), (31, 0.6712), (32, 0.6129), (33, 0.746), (34, 1.0), (35, 1.0), (36, 0.5589999999999999), (37, 0.9977), (38, 1.0), (39, 0.7757000000000001), (42, 0.5608), (43, 0.9451), (44, 0.7349), (45, 0.6108), (46, 0.7469), (47, 0.7753), (48, 0.5665), (49, 0.6489), (50, 0.6114999999999999), (51, 0.7927), (52, 0.5848), (53, 0.9771), (54, 0.6359), (55, 0.6834), (56, 0.5518000000000001), (57, 0.7935), (58, 0.6547000000000001), (59, 0.9781)]",0.739253571,0.4839,18,0.214285714,2,4,6,28
155,EVT,10000,normal,0.25,0.1,12,8,74.26411891,58,1,3,2.05,0,0.25,0.1,0.0539,0.0035,0.0985,0.0093,25,"[(30, 0.9855), (31, 0.9944), (34, 1.0), (35, 1.0), (36, 0.9964), (43, 0.9991), (44, 0.9919), (47, 0.9808), (48, 0.9986), (49, 0.9954), (50, 0.9865), (52, 0.9785), (53, 0.998), (54, 1.0), (56, 0.9971), (57, 0.9999), (58, 0.9999), (59, 0.9888)]",0.993933333,0.9785,10,1,10,8,18,18
156,Scenario,10000,normal,0.25,0.1,14,8,3783.135987,57,1,3,0.98,500,0,0,0.1592,0.1222,0.0372,0.0231,15,"[(30, 0.9927), (31, 0.9998), (34, 1.0), (35, 1.0), (36, 0.9997), (43, 1.0), (44, 0.9974), (46, 0.9999), (47, 0.9928), (48, 1.0), (49, 0.9939), (50, 0.9999), (52, 0.9951), (53, 0.9999), (54, 0.9963), (56, 0.9985), (57, 1.0), (58, 1.0)]",0.998105556,0.9927,11,1,11,7,18,18
157,EVT,10000,normal,0.25,0.1,12,8,68.16095996,58,1,3,2.05,0,0.25,0.1,0.0539,0.0035,0.0985,0.0093,25,"[(30, 0.9855), (31, 0.9944), (34, 1.0), (35, 1.0), (36, 0.9964), (43, 0.9991), (44, 0.9919), (47, 0.9808), (48, 0.9986), (49, 0.9954), (50, 0.9865), (52, 0.9785), (53, 0.998), (54, 1.0), (56, 0.9971), (57, 0.9999), (58, 0.9999), (59, 0.9888)]",0.993933333,0.9785,10,1,10,8,18,18
158,Scenario,10000,normal,0.25,0.1,16,8,2167.835739,58,1,3,0.98,100,0,0,0.9212,0.1345,0.1604,0.028,55,"[(30, 0.9983), (31, 0.9774), (32, 0.9944), (33, 1.0), (34, 0.9964), (35, 1.0), (36, 1.0), (43, 0.9919), (45, 0.9985), (46, 1.0), (47, 0.9928), (48, 0.9997), (49, 0.9798), (50, 0.9736), (51, 0.9895), (52, 0.9914), (53, 0.9905), (54, 0.9737), (56, 0.978), (57, 1.0), (58, 0.9799), (59, 1.0)]",0.991172727,0.9736,14,0.909090909,12,8,20,22
159,Scenario,10000,normal,0.25,0.1,8,8,71.80360913,58,1,3,0.98,100,0,0,0.4555,0.0629,0.0998,0.0133,45,"[(30, 0.9983), (31, 0.9774), (34, 0.9964), (43, 1.0), (44, 0.9763), (49, 0.9798), (50, 0.997), (52, 0.9964), (54, 0.9737), (56, 1.0), (57, 1.0), (58, 0.9917), (59, 1.0)]",0.991307692,0.9737,6,0.923076923,5,7,12,13
160,Scenario,10000,normal,0.25,0.1,18,8,2387.516119,59,1,3,0.98,100,0,0,1.133,0.213,0.1771,0.0415,45,"[(30, 0.9927), (31, 0.9998), (32, 1.0), (33, 0.9836), (34, 0.9997), (35, 1.0), (36, 1.0), (42, 0.9777), (43, 0.9767), (44, 0.9763), (45, 0.9988), (46, 1.0), (47, 0.9928), (48, 0.9997), (49, 0.9911), (50, 0.9833), (52, 0.9981), (53, 0.9905), (54, 0.9672), (55, 0.9991), (56, 0.9917), (57, 0.9807), (58, 0.9799), (59, 1.0)]",0.990808333,0.9672,17,0.958333333,16,7,23,24
161,Scenario,10000,normal,0.25,0.1,8,8,10.86429501,59,1,3,0.98,10,0,0,9.8729,0.2365,0.7145,0.0316,95,"[(32, 0.7877000000000001), (33, 0.6697), (34, 1.0), (35, 1.0), (36, 0.9596), (43, 0.9949), (44, 0.9763), (45, 0.8377), (50, 0.9662), (52, 0.6891), (53, 0.9656), (54, 0.9229), (56, 0.9412), (57, 0.8525), (58, 1.0), (59, 0.8912)]",0.9034125,0.6697,7,0.3125,1,4,5,16
162,Scenario,10000,normal,0.25,0.1,8,8,190.254596,59,1,3,0.98,300,0,0,0.253,0.1492,0.0463,0.0284,35,"[(30, 0.9927), (31, 0.9998), (34, 0.9964), (35, 0.9996), (36, 0.9993), (43, 1.0), (44, 1.0), (49, 0.999), (50, 0.9945), (52, 0.9995), (53, 1.0), (54, 0.9998), (56, 0.9776), (57, 1.0), (58, 0.9942), (59, 1.0)]",0.997025,0.9776,7,1,7,9,16,16
163,Scenario,10000,normal,0.25,0.1,12,8,383.6579871,58,1,3,0.98,300,0,0,0.2044,0.019,0.0434,0.0035,20,"[(30, 0.9997), (31, 1.0), (34, 0.9964), (35, 1.0), (36, 0.9993), (43, 1.0), (44, 1.0), (47, 1.0), (48, 1.0), (49, 0.997), (50, 1.0), (52, 0.9905), (53, 0.9927), (54, 0.9964), (56, 0.9914), (57, 1.0), (58, 0.9905), (59, 1.0)]",0.997438889,0.9905,10,1,10,8,18,18
164,Scenario,10000,normal,0.25,0.1,14,8,3902.627165,57,1,3,0.98,500,0,0,0.1592,0.1222,0.0372,0.0231,15,"[(30, 0.9927), (31, 0.9998), (34, 1.0), (35, 1.0), (36, 0.9997), (43, 1.0), (44, 0.9974), (46, 0.9999), (47, 0.9928), (48, 1.0), (49, 0.9939), (50, 0.9999), (52, 0.9951), (53, 0.9999), (54, 0.9963), (56, 0.9985), (57, 1.0), (58, 1.0)]",0.998105556,0.9927,11,1,11,7,18,18
165,Scenario,10000,normal,0.25,0.1,16,8,2594.365437,58,1,3,0.98,100,0,0,0.9212,0.1345,0.1604,0.028,55,"[(30, 0.9983), (31, 0.9774), (32, 0.9944), (33, 1.0), (34, 0.9964), (35, 1.0), (36, 1.0), (43, 0.9919), (45, 0.9985), (46, 1.0), (47, 0.9928), (48, 0.9997), (49, 0.9798), (50, 0.9736), (51, 0.9895), (52, 0.9914), (53, 0.9905), (54, 0.9737), (56, 0.978), (57, 1.0), (58, 0.9799), (59, 1.0)]",0.991172727,0.9736,14,0.909090909,12,8,20,22
166,Deterministic ,10000,normal,0.25,0.1,16,8,110.415977,60,1,3,0.98,0,0,0,19.0341,0.5465,0.9977,0.3426,114,"[(30, 0.5013000000000001), (31, 0.6712), (32, 0.6129), (33, 0.746), (34, 1.0), (35, 1.0), (36, 0.6612), (37, 0.9977), (38, 1.0), (39, 0.7757000000000001), (43, 0.7692), (44, 0.7349), (45, 0.6108), (46, 0.476), (47, 0.5484), (48, 0.8396), (49, 0.5931), (50, 0.45389999999999997), (51, 0.7449), (52, 0.7004), (53, 0.9771), (54, 0.5659000000000001), (55, 0.7128), (56, 0.6164000000000001), (57, 0.9987), (58, 0.6547000000000001), (59, 0.9773)]",0.738522222,0.4539,16,0.259259259,3,4,7,27
167,Deterministic ,10000,normal,0.25,0.1,16,8,111.3431029,60,1,3,0.98,0,0,0,19.0341,0.5465,0.9977,0.3426,114,"[(30, 0.5013000000000001), (31, 0.6712), (32, 0.6129), (33, 0.746), (34, 1.0), (35, 1.0), (36, 0.6612), (37, 0.9977), (38, 1.0), (39, 0.7757000000000001), (43, 0.7692), (44, 0.7349), (45, 0.6108), (46, 0.476), (47, 0.5484), (48, 0.8396), (49, 0.5931), (50, 0.45389999999999997), (51, 0.7449), (52, 0.7004), (53, 0.9771), (54, 0.5659000000000001), (55, 0.7128), (56, 0.6164000000000001), (57, 0.9987), (58, 0.6547000000000001), (59, 0.9773)]",0.738522222,0.4539,16,0.259259259,3,4,7,27
168,Scenario,10000,normal,0.25,0.1,12,8,405.4406531,58,1,3,0.98,300,0,0,0.2044,0.019,0.0434,0.0035,20,"[(30, 0.9997), (31, 1.0), (34, 0.9964), (35, 1.0), (36, 0.9993), (43, 1.0), (44, 1.0), (47, 1.0), (48, 1.0), (49, 0.997), (50, 1.0), (52, 0.9905), (53, 0.9927), (54, 0.9964), (56, 0.9914), (57, 1.0), (58, 0.9905), (59, 1.0)]",0.997438889,0.9905,10,1,10,8,18,18
169,Scenario,10000,normal,0.25,0.1,8,8,198.1452019,59,1,3,0.98,300,0,0,0.253,0.1492,0.0463,0.0284,35,"[(30, 0.9927), (31, 0.9998), (34, 0.9964), (35, 0.9996), (36, 0.9993), (43, 1.0), (44, 1.0), (49, 0.999), (50, 0.9945), (52, 0.9995), (53, 1.0), (54, 0.9998), (56, 0.9776), (57, 1.0), (58, 0.9942), (59, 1.0)]",0.997025,0.9776,7,1,7,9,16,16
170,Scenario,10000,normal,0.25,0.1,8,8,11.49518681,59,1,3,0.98,10,0,0,9.8729,0.2365,0.7145,0.0316,95,"[(32, 0.7877000000000001), (33, 0.6697), (34, 1.0), (35, 1.0), (36, 0.9596), (43, 0.9949), (44, 0.9763), (45, 0.8377), (50, 0.9662), (52, 0.6891), (53, 0.9656), (54, 0.9229), (56, 0.9412), (57, 0.8525), (58, 1.0), (59, 0.8912)]",0.9034125,0.6697,7,0.3125,1,4,5,16
171,Scenario,10000,normal,0.25,0.1,16,8,184.3146422,59,1,3,0.98,10,0,0,10.1116,0.3044,0.7499,0.0494,95,"[(30, 0.967), (31, 0.9853), (32, 0.7877000000000001), (33, 0.6697), (34, 0.9217), (35, 1.0), (36, 0.9596), (43, 0.9949), (44, 0.9763), (45, 0.8377), (46, 0.9659), (47, 1.0), (48, 0.9998), (49, 0.9692), (50, 1.0), (52, 0.6891), (53, 0.9656), (54, 0.9472), (55, 0.9359999999999999), (56, 0.9914), (57, 0.8525), (58, 0.9401), (59, 0.9935)]",0.928269565,0.6697,15,0.391304348,6,3,9,23
172,Scenario,10000,normal,0.25,0.1,14,8,4235.061058,57,1,3,0.98,500,0,0,0.1592,0.1222,0.0372,0.0231,15,"[(30, 0.9927), (31, 0.9998), (34, 1.0), (35, 1.0), (36, 0.9997), (43, 1.0), (44, 0.9974), (46, 0.9999), (47, 0.9928), (48, 1.0), (49, 0.9939), (50, 0.9999), (52, 0.9951), (53, 0.9999), (54, 0.9963), (56, 0.9985), (57, 1.0), (58, 1.0)]",0.998105556,0.9927,11,1,11,7,18,18
173,Scenario,10000,normal,0.25,0.1,14,8,153.3158901,59,1,3,0.98,10,0,0,10.5757,0.231,0.7642,0.0307,100,"[(30, 0.967), (31, 0.9853), (32, 0.7877000000000001), (33, 0.6697), (34, 0.9217), (35, 1.0), (36, 0.9596), (43, 0.9949), (44, 0.9763), (45, 0.8377), (46, 1.0), (47, 1.0), (48, 0.9998), (49, 0.794), (50, 0.9662), (52, 0.6891), (53, 0.9656), (54, 0.9962), (55, 0.9359999999999999), (56, 0.9898), (57, 0.8525), (58, 0.9817), (59, 0.9935)]",0.924534783,0.6697,13,0.47826087,7,4,11,23
174,Scenario,10000,normal,0.25,0.1,12,8,34.35832906,58,1,3,0.98,10,0,0,10.7471,0.2313,0.7475,0.0311,95,"[(30, 0.967), (31, 0.9853), (32, 0.7877000000000001), (33, 0.6697), (34, 1.0), (35, 1.0), (36, 0.9596), (43, 0.9949), (44, 0.9763), (45, 0.8377), (48, 0.9998), (49, 1.0), (50, 0.9882), (52, 0.6891), (53, 0.9656), (54, 0.9062), (56, 0.8699), (57, 0.8525), (58, 0.9991), (59, 0.8912)]",0.91699,0.6697,10,0.45,4,5,9,20
175,Deterministic ,10000,normal,0.25,0.1,14,8,90.51281691,59,1,3,0.98,0,0,0,9.0852,0.5212,0.9785,0.2665,90,"[(30, 0.5545), (31, 0.6843), (34, 1.0), (35, 1.0), (36, 0.5589999999999999), (43, 0.7784), (44, 0.7883), (46, 0.48619999999999997), (47, 0.9762), (49, 0.8944), (50, 0.6712), (51, 0.753), (52, 0.9957), (53, 0.946), (54, 0.8), (55, 0.6834), (56, 0.5943), (57, 0.7771), (58, 0.985), (59, 0.7904)]",0.78587,0.4862,13,0.25,3,2,5,20
176,EVT,10000,normal,0.25,0.1,16,8,195.721519,58,1,3,2.05,0,0.25,0.1,0.0647,0.0005,0.1208,0.0009,20,"[(30, 0.9872), (31, 0.9944), (32, 0.9843), (33, 0.982), (34, 1.0), (35, 1.0), (36, 0.9927), (43, 0.9991), (44, 0.997), (45, 1.0), (46, 1.0), (47, 1.0), (48, 0.9986), (49, 1.0), (50, 0.9801), (52, 0.9966), (53, 0.9875), (54, 1.0), (56, 0.9909), (57, 0.9999), (58, 0.9804), (59, 0.9929)]",0.9938,0.9801,14,1,14,8,22,22
177,Scenario,10000,normal,0.25,0.1,10,8,17.27687287,58,1,3,0.98,10,0,0,9.7086,0.2365,0.7135,0.0316,95,"[(32, 0.7877000000000001), (33, 0.6697), (34, 1.0), (35, 1.0), (36, 0.9596), (43, 0.9949), (44, 0.9763), (45, 0.8377), (50, 0.9662), (52, 0.6891), (53, 0.9656), (54, 0.9229), (56, 1.0), (57, 0.8525), (58, 0.9884), (59, 0.8912)]",0.9063625,0.6697,8,0.375,2,4,6,16
178,Deterministic ,10000,normal,0.25,0.1,14,8,93.60205412,59,1,3,0.98,0,0,0,9.0852,0.5212,0.9785,0.2665,90,"[(30, 0.5545), (31, 0.6843), (34, 1.0), (35, 1.0), (36, 0.5589999999999999), (43, 0.7784), (44, 0.7883), (46, 0.48619999999999997), (47, 0.9762), (49, 0.8944), (50, 0.6712), (51, 0.753), (52, 0.9957), (53, 0.946), (54, 0.8), (55, 0.6834), (56, 0.5943), (57, 0.7771), (58, 0.985), (59, 0.7904)]",0.78587,0.4862,13,0.25,3,2,5,20
179,EVT,10000,normal,0.25,0.1,16,8,195.6479042,58,1,3,2.05,0,0.25,0.1,0.0647,0.0005,0.1208,0.0009,20,"[(30, 0.9872), (31, 0.9944), (32, 0.9843), (33, 0.982), (34, 1.0), (35, 1.0), (36, 0.9927), (43, 0.9991), (44, 0.997), (45, 1.0), (46, 1.0), (47, 1.0), (48, 0.9986), (49, 1.0), (50, 0.9801), (52, 0.9966), (53, 0.9875), (54, 1.0), (56, 0.9909), (57, 0.9999), (58, 0.9804), (59, 0.9929)]",0.9938,0.9801,14,1,14,8,22,22
180,Scenario,10000,normal,0.25,0.1,16,8,2211.193572,58,1,3,0.98,100,0,0,0.9212,0.1345,0.1604,0.028,55,"[(30, 0.9983), (31, 0.9774), (32, 0.9944), (33, 1.0), (34, 0.9964), (35, 1.0), (36, 1.0), (43, 0.9919), (45, 0.9985), (46, 1.0), (47, 0.9928), (48, 0.9997), (49, 0.9798), (50, 0.9736), (51, 0.9895), (52, 0.9914), (53, 0.9905), (54, 0.9737), (56, 0.978), (57, 1.0), (58, 0.9799), (59, 1.0)]",0.991172727,0.9736,14,0.909090909,12,8,20,22
181,Scenario,10000,normal,0.25,0.1,18,8,327.8805199,59,1,3,0.98,10,0,0,11.8308,0.4896,0.7861,0.0733,110,"[(30, 0.9279), (31, 0.9774), (32, 0.7877000000000001), (33, 0.6697), (34, 0.9217), (35, 1.0), (36, 0.9906), (42, 0.9687), (43, 0.8448), (44, 0.9763), (45, 0.8377), (46, 0.9767), (47, 1.0), (48, 0.9905), (49, 0.7999), (50, 0.9379), (52, 0.6891), (53, 0.9297), (54, 0.9472), (55, 0.9991), (56, 0.9601), (57, 0.9998), (58, 0.9713), (59, 0.9497)]",0.918895833,0.6697,17,0.375,6,3,9,24
182,Scenario,10000,normal,0.25,0.1,8,8,10.83578086,59,1,3,0.98,10,0,0,9.8729,0.2365,0.7145,0.0316,95,"[(32, 0.7877000000000001), (33, 0.6697), (34, 1.0), (35, 1.0), (36, 0.9596), (43, 0.9949), (44, 0.9763), (45, 0.8377), (50, 0.9662), (52, 0.6891), (53, 0.9656), (54, 0.9229), (56, 0.9412), (57, 0.8525), (58, 1.0), (59, 0.8912)]",0.9034125,0.6697,7,0.3125,1,4,5,16
183,Scenario,10000,normal,0.25,0.1,8,8,182.0862939,59,1,3,0.98,300,0,0,0.253,0.1492,0.0463,0.0284,35,"[(30, 0.9927), (31, 0.9998), (34, 0.9964), (35, 0.9996), (36, 0.9993), (43, 1.0), (44, 1.0), (49, 0.999), (50, 0.9945), (52, 0.9995), (53, 1.0), (54, 0.9998), (56, 0.9776), (57, 1.0), (58, 0.9942), (59, 1.0)]",0.997025,0.9776,7,1,7,9,16,16
184,Scenario,10000,normal,0.25,0.1,12,8,569.741205,58,1,3,0.98,300,0,0,0.3169,0.0692,0.0566,0.0124,30,"[(30, 0.9927), (31, 0.9998), (34, 0.9997), (35, 1.0), (36, 0.9993), (43, 0.9949), (44, 1.0), (47, 0.9928), (48, 1.0), (49, 0.999), (50, 0.9994), (52, 0.9905), (53, 0.9905), (54, 0.9964), (56, 0.9997), (57, 1.0), (58, 0.9799), (59, 1.0)]",0.996366667,0.9799,10,1,10,8,18,18
185,EVT,10000,normal,0.25,0.1,16,8,196.4471581,58,1,3,2.05,0,0.25,0.1,0.0647,0.0005,0.1208,0.0009,20,"[(30, 0.9872), (31, 0.9944), (32, 0.9843), (33, 0.982), (34, 1.0), (35, 1.0), (36, 0.9927), (43, 0.9991), (44, 0.997), (45, 1.0), (46, 1.0), (47, 1.0), (48, 0.9986), (49, 1.0), (50, 0.9801), (52, 0.9966), (53, 0.9875), (54, 1.0), (56, 0.9909), (57, 0.9999), (58, 0.9804), (59, 0.9929)]",0.9938,0.9801,14,1,14,8,22,22
186,Scenario,10000,normal,0.25,0.1,16,8,4558.776016,58,1,3,0.98,300,0,0,0.2171,0.0202,0.0465,0.0041,25,"[(30, 0.9927), (31, 1.0), (32, 0.9997), (33, 1.0), (34, 0.9964), (35, 1.0), (36, 0.9993), (43, 0.9949), (45, 0.9996), (46, 0.9994), (47, 0.9986), (48, 1.0), (49, 0.997), (50, 0.9999), (52, 0.9927), (53, 0.9892), (54, 1.0), (55, 0.996), (56, 0.9948), (57, 1.0), (58, 0.9995), (59, 1.0)]",0.997713636,0.9892,14,1,14,8,22,22
187,Scenario,10000,normal,0.25,0.1,14,8,3786.272563,57,1,3,0.98,500,0,0,0.1592,0.1222,0.0372,0.0231,15,"[(30, 0.9927), (31, 0.9998), (34, 1.0), (35, 1.0), (36, 0.9997), (43, 1.0), (44, 0.9974), (46, 0.9999), (47, 0.9928), (48, 1.0), (49, 0.9939), (50, 0.9999), (52, 0.9951), (53, 0.9999), (54, 0.9963), (56, 0.9985), (57, 1.0), (58, 1.0)]",0.998105556,0.9927,11,1,11,7,18,18
188,Scenario,10000,normal,0.25,0.1,10,8,1152.073678,56,1,3,0.98,500,0,0,0.0335,0.009,0.0126,0.0018,10,"[(34, 1.0), (43, 1.0), (44, 1.0), (50, 1.0), (52, 0.999), (54, 0.9999), (56, 0.9995), (57, 1.0), (58, 0.9932)]",0.999066667,0.9932,6,1,6,3,9,9
189,EVT,10000,normal,0.25,0.1,18,8,661.5270431,58,1,3,2.05,0,0.25,0.1,0.0895,0,0.1847,0.0003,15,"[(30, 0.9897), (31, 0.9874), (32, 0.9843), (33, 0.982), (34, 1.0), (35, 1.0), (36, 0.9861), (42, 0.981), (43, 0.9826), (44, 0.9919), (45, 1.0), (46, 0.9938), (47, 0.9983), (48, 0.9991), (49, 0.988), (50, 0.9801), (52, 0.9943), (53, 0.9822), (55, 0.9961), (56, 0.9896), (57, 0.9987), (58, 0.9804), (59, 0.9929)]",0.990369565,0.9801,16,1,16,7,23,23
190,Scenario,10000,normal,0.25,0.1,12,8,119.905602,58,1,3,0.98,100,0,0,0.4769,0.098,0.0868,0.0191,20,"[(30, 0.9988), (31, 1.0), (34, 0.9997), (35, 1.0), (36, 1.0), (43, 1.0), (44, 0.9763), (47, 0.9997), (48, 0.9997), (49, 1.0), (50, 0.9825), (52, 1.0), (53, 1.0), (54, 0.9999), (56, 0.9926), (57, 1.0), (58, 0.958), (59, 1.0)]",0.994844444,0.958,10,0.944444444,9,8,17,18
191,Scenario,10000,normal,0.25,0.1,16,8,2115.660282,58,1,3,0.98,100,0,0,0.9212,0.1345,0.1604,0.028,55,"[(30, 0.9983), (31, 0.9774), (32, 0.9944), (33, 1.0), (34, 0.9964), (35, 1.0), (36, 1.0), (43, 0.9919), (45, 0.9985), (46, 1.0), (47, 0.9928), (48, 0.9997), (49, 0.9798), (50, 0.9736), (51, 0.9895), (52, 0.9914), (53, 0.9905), (54, 0.9737), (56, 0.978), (57, 1.0), (58, 0.9799), (59, 1.0)]",0.991172727,0.9736,14,0.909090909,12,8,20,22
192,EVT,10000,normal,0.25,0.1,18,8,671.6065588,58,1,3,2.05,0,0.25,0.1,0.0895,0,0.1847,0.0003,15,"[(30, 0.9897), (31, 0.9874), (32, 0.9843), (33, 0.982), (34, 1.0), (35, 1.0), (36, 0.9861), (42, 0.981), (43, 0.9826), (44, 0.9919), (45, 1.0), (46, 0.9938), (47, 0.9983), (48, 0.9991), (49, 0.988), (50, 0.9801), (52, 0.9943), (53, 0.9822), (55, 0.9961), (56, 0.9896), (57, 0.9987), (58, 0.9804), (59, 0.9929)]",0.990369565,0.9801,16,1,16,7,23,23
193,EVT,10000,normal,0.25,0.1,18,8,662.5191891,58,1,3,2.05,0,0.25,0.1,0.0895,0,0.1847,0.0003,15,"[(30, 0.9897), (31, 0.9874), (32, 0.9843), (33, 0.982), (34, 1.0), (35, 1.0), (36, 0.9861), (42, 0.981), (43, 0.9826), (44, 0.9919), (45, 1.0), (46, 0.9938), (47, 0.9983), (48, 0.9991), (49, 0.988), (50, 0.9801), (52, 0.9943), (53, 0.9822), (55, 0.9961), (56, 0.9896), (57, 0.9987), (58, 0.9804), (59, 0.9929)]",0.990369565,0.9801,16,1,16,7,23,23
194,Scenario,10000,normal,0.25,0.1,8,8,184.8572421,59,1,3,0.98,300,0,0,0.253,0.1492,0.0463,0.0284,35,"[(30, 0.9927), (31, 0.9998), (34, 0.9964), (35, 0.9996), (36, 0.9993), (43, 1.0), (44, 1.0), (49, 0.999), (50, 0.9945), (52, 0.9995), (53, 1.0), (54, 0.9998), (56, 0.9776), (57, 1.0), (58, 0.9942), (59, 1.0)]",0.997025,0.9776,7,1,7,9,16,16
195,Scenario,10000,normal,0.25,0.1,8,8,10.91374183,59,1,3,0.98,10,0,0,9.8729,0.2365,0.7145,0.0316,95,"[(32, 0.7877000000000001), (33, 0.6697), (34, 1.0), (35, 1.0), (36, 0.9596), (43, 0.9949), (44, 0.9763), (45, 0.8377), (50, 0.9662), (52, 0.6891), (53, 0.9656), (54, 0.9229), (56, 0.9412), (57, 0.8525), (58, 1.0), (59, 0.8912)]",0.9034125,0.6697,7,0.3125,1,4,5,16
